aproveitamento_visitante;aproveitamento_mandante;local;status_transmissao_tr;status_cronometro_tr;periodo_tr;partida_data;inicio_cronometro_tr;placar_oficial_visitante;placar_oficial_mandante;partida_id;clube_visitante_posicao;clube_visitante_id;clube_casa_posicao;clube_casa_id;timestamp;campeonato_id;valida;transmissao.label;transmissao.url;rodada;file_source
['', '', '', '', ''];['', '', '', '', '']; ;;;;2025-08-17 20:30:00;;;;334186;0;356;0;266;1755473400;26;True;;;20;datalake/01-landing/season-2025/partidas/partidas_rodada_20.json
['', '', '', '', ''];['', '', '', '', '']; ;;;;2025-08-17 20:30:00;;;;334188;0;275;0;263;1755473400;26;True;;;20;datalake/01-landing/season-2025/partidas/partidas_rodada_20.json
['', '', '', '', ''];['', '', '', '', '']; ;;;;2025-08-17 20:30:00;;;;334189;0;265;0;264;1755473400;26;True;;;20;datalake/01-landing/season-2025/partidas/partidas_rodada_20.json
['', '', '', '', ''];['', '', '', '', '']; ;;;;2025-08-17 20:30:00;;;;334190;0;267;0;277;1755473400;26;True;;;20;datalake/01-landing/season-2025/partidas/partidas_rodada_20.json
['', '', '', '', ''];['', '', '', '', '']; ;;;;2025-08-17 20:30:00;;;;334191;0;283;0;2305;1755473400;26;True;;;20;datalake/01-landing/season-2025/partidas/partidas_rodada_20.json
['', '', '', '', ''];['', '', '', '', '']; ;;;;2025-08-17 20:30:00;;;;334192;0;284;0;282;1755473400;26;True;;;20;datalake/01-landing/season-2025/partidas/partidas_rodada_20.json
['', '', '', '', ''];['', '', '', '', '']; ;;;;2025-08-17 20:30:00;;;;334193;0;262;0;285;1755473400;26;True;;;20;datalake/01-landing/season-2025/partidas/partidas_rodada_20.json
['', '', '', '', ''];['', '', '', '', '']; ;;;;2025-08-17 20:30:00;;;;334194;0;286;0;287;1755473400;26;True;;;20;datalake/01-landing/season-2025/partidas/partidas_rodada_20.json
['', '', '', '', ''];['', '', '', '', '']; ;;;;2025-08-17 20:30:00;;;;334195;0;280;0;354;1755473400;26;True;;;20;datalake/01-landing/season-2025/partidas/partidas_rodada_20.json
['', '', '', '', ''];['', '', '', '', '']; ;;;;2025-08-17 20:30:00;;;;334196;0;276;0;292;1755473400;26;True;;;20;datalake/01-landing/season-2025/partidas/partidas_rodada_20.json
['d', 'd', 'v', 'v', 'e'];['v', 'v', 'd', 'v', 'e'];Maracanã;;;;2025-03-29 21:00:00;;1;1;333867;12;285;2;262;1743292800;26;True;saiba como foi;https://ge.globo.com/rj/futebol/brasileirao-serie-a/jogo/29-03-2025/flamengo-internacional.ghtml?utm_source=cartolafc;01;datalake/01-landing/season-2025/partidas/partidas_rodada_01.json
['d', 'v', 'v', 'd', 'e'];['d', 'd', 'v', 'd', 'e'];São Januário;;;;2025-03-30 18:30:00;;1;2;333868;17;277;16;267;1743370200;26;True;saiba como foi;https://ge.globo.com/rj/futebol/brasileirao-serie-a/jogo/30-03-2025/vasco-santos.ghtml?utm_source=cartolafc;01;datalake/01-landing/season-2025/partidas/partidas_rodada_01.json
['v', 'v', 'v', 'e', 'v'];['d', 'd', 'e', 'v', 'e'];Allianz Parque;;;;2025-03-30 16:00:00;;0;0;333869;5;263;4;275;1743361200;26;True;saiba como foi;https://ge.globo.com/sp/futebol/brasileirao-serie-a/jogo/30-03-2025/palmeiras-botafogo.ghtml?utm_source=cartolafc;01;datalake/01-landing/season-2025/partidas/partidas_rodada_01.json
['e', 'd', 'd', 'd', 'e'];['d', 'd', 'd', 'e', 'v'];Morumbis;;;;2025-03-29 18:30:00;;0;0;333870;20;292;14;276;1743283800;26;True;saiba como foi;https://ge.globo.com/sp/futebol/brasileirao-serie-a/jogo/29-03-2025/sao-paulo-sport.ghtml?utm_source=cartolafc;01;datalake/01-landing/season-2025/partidas/partidas_rodada_01.json
['d', 'v', 'd', 'd', 'e'];['d', 'v', 'e', 'd', 'e'];Nabi Abi Chedid;;;;2025-03-31 20:00:00;;2;2;333871;11;354;3;280;1743462000;26;True;saiba como foi;https://ge.globo.com/sp/vale-do-paraiba-regiao/futebol/brasileirao-serie-a/jogo/31-03-2025/bragantino-ceara.ghtml?utm_source=cartolafc;01;datalake/01-landing/season-2025/partidas/partidas_rodada_01.json
['v', 'v', 'e', 'v', 'e'];['e', 'v', 'v', 'v', 'e'];Mineirão;;;;2025-03-29 18:30:00;;1;2;333872;7;2305;1;283;1743283800;26;True;saiba como foi;https://ge.globo.com/mg/futebol/brasileirao-serie-a/jogo/29-03-2025/cruzeiro-mirassol.ghtml?utm_source=cartolafc;01;datalake/01-landing/season-2025/partidas/partidas_rodada_01.json
['e', 'v', 'v', 'd', 'd'];['v', 'v', 'e', 'd', 'e'];Arena do Grêmio;;;;2025-03-29 18:30:00;;1;2;333873;9;282;13;284;1743283800;26;True;saiba como foi;https://ge.globo.com/rs/futebol/brasileirao-serie-a/jogo/29-03-2025/gremio-atletico-mg.ghtml?utm_source=cartolafc;01;datalake/01-landing/season-2025/partidas/partidas_rodada_01.json
['e', 'd', 'v', 'd', 'e'];['d', 'v', 'v', 'v', 'e'];Casa de Apostas Arena Fonte Nova;;;;2025-03-30 20:00:00;;1;1;333874;10;264;6;265;1743375600;26;True;saiba como foi;https://ge.globo.com/ba/futebol/brasileirao-serie-a/jogo/30-03-2025/bahia-corinthians.ghtml?utm_source=cartolafc;01;datalake/01-landing/season-2025/partidas/partidas_rodada_01.json
['v', 'v', 'd', 'd', 'e'];['d', 'd', 'd', 'd', 'e'];Castelão (CE);;;;2025-03-29 18:30:00;;0;2;333875;8;266;19;356;1743283800;26;True;saiba como foi;https://ge.globo.com/ce/futebol/brasileirao-serie-a/jogo/29-03-2025/fortaleza-fluminense.ghtml?utm_source=cartolafc;01;datalake/01-landing/season-2025/partidas/partidas_rodada_01.json
['e', 'd', 'e', 'v', 'e'];['e', 'd', 'd', 'v', 'd'];Alfredo Jaconi;;;;2025-03-29 18:30:00;;0;2;333876;15;287;18;286;1743283800;26;True;saiba como foi;https://ge.globo.com/rs/futebol/brasileirao-serie-a/jogo/29-03-2025/juventude-vitoria.ghtml?utm_source=cartolafc;01;datalake/01-landing/season-2025/partidas/partidas_rodada_01.json
['d', 'v', 'd', 'd', 'e'];['v', 'v', 'd', 'd', 'e']; ;;;;2025-06-11 20:30:00;;;;333917;11;354;8;266;1749684600;26;False;;;12;datalake/01-landing/season-2025/partidas/partidas_rodada_12.json
['v', 'v', 'e', 'v', 'e'];['v', 'v', 'v', 'e', 'v']; ;;;;2025-06-11 20:30:00;;;;333918;7;2305;5;263;1749684600;26;False;;;12;datalake/01-landing/season-2025/partidas/partidas_rodada_12.json
['e', 'd', 'd', 'v', 'd'];['d', 'd', 'e', 'v', 'e']; ;;;;2025-06-11 20:30:00;;;;333919;18;286;4;275;1749684600;26;False;;;12;datalake/01-landing/season-2025/partidas/partidas_rodada_12.json
['d', 'd', 'v', 'd', 'e'];['d', 'd', 'd', 'e', 'v'];Morumbis;;;;2025-06-12 21:30:00;;3;1;333920;16;267;14;276;1749774600;26;True;saiba como foi;https://ge.globo.com/sp/futebol/brasileirao-serie-a/jogo/12-06-2025/sao-paulo-vasco.ghtml?utm_source=cartolafc;12;datalake/01-landing/season-2025/partidas/partidas_rodada_12.json
['d', 'v', 'v', 'v', 'e'];['d', 'v', 'e', 'd', 'e'];Cícero de Souza Marques;;;;2025-06-12 19:00:00;;3;0;333921;6;265;3;280;1749765600;26;True;saiba como foi;https://ge.globo.com/sp/vale-do-paraiba-regiao/futebol/brasileirao-serie-a/jogo/12-06-2025/bragantino-bahia.ghtml?utm_source=cartolafc;12;datalake/01-landing/season-2025/partidas/partidas_rodada_12.json
['d', 'd', 'v', 'v', 'e'];['e', 'v', 'v', 'd', 'd'];Arena MRV;;;;2025-06-12 21:30:00;;0;2;333922;12;285;9;282;1749774600;26;True;saiba como foi;https://ge.globo.com/mg/futebol/brasileirao-serie-a/jogo/12-06-2025/atletico-mg-internacional.ghtml?utm_source=cartolafc;12;datalake/01-landing/season-2025/partidas/partidas_rodada_12.json
['e', 'd', 'v', 'd', 'e'];['v', 'v', 'e', 'd', 'e'];Arena do Grêmio;;;;2025-06-12 20:00:00;;1;1;333923;10;264;13;284;1749769200;26;True;saiba como foi;https://ge.globo.com/rs/futebol/brasileirao-serie-a/jogo/12-06-2025/gremio-corinthians.ghtml?utm_source=cartolafc;12;datalake/01-landing/season-2025/partidas/partidas_rodada_12.json
['e', 'v', 'v', 'v', 'e'];['e', 'd', 'e', 'v', 'e'];Barradão;;;;2025-06-12 19:00:00;;0;0;333924;1;283;15;287;1749765600;26;True;saiba como foi;https://ge.globo.com/ba/futebol/brasileirao-serie-a/jogo/12-06-2025/vitoria-cruzeiro.ghtml?utm_source=cartolafc;12;datalake/01-landing/season-2025/partidas/partidas_rodada_12.json
['d', 'v', 'v', 'd', 'e'];['d', 'd', 'd', 'd', 'e'];Castelão (CE);;;;2025-06-12 19:30:00;;3;2;333925;17;277;19;356;1749767400;26;True;saiba como foi;https://ge.globo.com/ce/futebol/brasileirao-serie-a/jogo/12-06-2025/fortaleza-santos.ghtml?utm_source=cartolafc;12;datalake/01-landing/season-2025/partidas/partidas_rodada_12.json
['v', 'v', 'd', 'v', 'e'];['e', 'd', 'd', 'd', 'e']; ;;;;2025-06-11 20:30:00;;;;333926;2;262;20;292;1749684600;26;False;;;12;datalake/01-landing/season-2025/partidas/partidas_rodada_12.json
['', '', '', '', ''];['', '', '', '', '']; ;;;;2025-09-21 20:30:00;;;;334107;0;267;0;262;1758497400;26;True;;;24;datalake/01-landing/season-2025/partidas/partidas_rodada_24.json
['', '', '', '', ''];['', '', '', '', '']; ;;;;2025-09-21 20:30:00;;;;334108;0;282;0;263;1758497400;26;True;;;24;datalake/01-landing/season-2025/partidas/partidas_rodada_24.json
['', '', '', '', ''];['', '', '', '', '']; ;;;;2025-09-21 20:30:00;;;;334109;0;356;0;275;1758497400;26;True;;;24;datalake/01-landing/season-2025/partidas/partidas_rodada_24.json
['', '', '', '', ''];['', '', '', '', '']; ;;;;2025-09-21 20:30:00;;;;334110;0;276;0;277;1758497400;26;True;;;24;datalake/01-landing/season-2025/partidas/partidas_rodada_24.json
['', '', '', '', ''];['', '', '', '', '']; ;;;;2025-09-21 20:30:00;;;;334111;0;286;0;2305;1758497400;26;True;;;24;datalake/01-landing/season-2025/partidas/partidas_rodada_24.json
['', '', '', '', ''];['', '', '', '', '']; ;;;;2025-09-21 20:30:00;;;;334112;0;280;0;283;1758497400;26;True;;;24;datalake/01-landing/season-2025/partidas/partidas_rodada_24.json
['', '', '', '', ''];['', '', '', '', '']; ;;;;2025-09-21 20:30:00;;;;334113;0;284;0;285;1758497400;26;True;;;24;datalake/01-landing/season-2025/partidas/partidas_rodada_24.json
['', '', '', '', ''];['', '', '', '', '']; ;;;;2025-09-21 20:30:00;;;;334114;0;266;0;287;1758497400;26;True;;;24;datalake/01-landing/season-2025/partidas/partidas_rodada_24.json
['', '', '', '', ''];['', '', '', '', '']; ;;;;2025-09-21 20:30:00;;;;334115;0;265;0;354;1758497400;26;True;;;24;datalake/01-landing/season-2025/partidas/partidas_rodada_24.json
['', '', '', '', ''];['', '', '', '', '']; ;;;;2025-09-21 20:30:00;;;;334116;0;264;0;292;1758497400;26;True;;;24;datalake/01-landing/season-2025/partidas/partidas_rodada_24.json
['e', 'd', 'd', 'd', 'e'];['v', 'v', 'd', 'd', 'e'];Maracanã;;;;2025-05-03 18:30:00;;1;2;334007;20;292;8;266;1746307800;26;True;saiba como foi;https://ge.globo.com/futebol/brasileirao-serie-a/jogo/03-05-2025/fluminense-sport.ghtml?utm_source=cartolafc;07;datalake/01-landing/season-2025/partidas/partidas_rodada_07.json
['d', 'd', 'e', 'v', 'e'];['d', 'd', 'v', 'd', 'e'];Mané Garrincha;;;;2025-05-04 16:00:00;;1;0;334008;4;275;16;267;1746385200;26;True;saiba como foi;https://ge.globo.com/rj/futebol/brasileirao-serie-a/jogo/04-05-2025/vasco-palmeiras.ghtml?utm_source=cartolafc;07;datalake/01-landing/season-2025/partidas/partidas_rodada_07.json
['d', 'd', 'v', 'v', 'e'];['e', 'd', 'v', 'd', 'e'];Neo Química Arena;;;;2025-05-03 18:30:00;;2;4;334009;12;285;10;264;1746307800;26;True;saiba como foi;https://ge.globo.com/sp/futebol/brasileirao-serie-a/jogo/03-05-2025/corinthians-internacional.ghtml?utm_source=cartolafc;07;datalake/01-landing/season-2025/partidas/partidas_rodada_07.json
['d', 'd', 'd', 'd', 'e'];['d', 'd', 'd', 'e', 'v'];Morumbis;;;;2025-05-02 21:30:00;;0;0;334010;19;356;14;276;1746232200;26;False;saiba como foi;https://ge.globo.com/sp/futebol/brasileirao-serie-a/jogo/02-05-2025/sao-paulo-fortaleza.ghtml?utm_source=cartolafc;07;datalake/01-landing/season-2025/partidas/partidas_rodada_07.json
['v', 'v', 'e', 'v', 'e'];['d', 'v', 'e', 'd', 'e'];Cícero de Souza Marques;;;;2025-05-05 19:00:00;;0;1;334011;7;2305;3;280;1746482400;26;True;saiba como foi;https://ge.globo.com/sp/vale-do-paraiba-regiao/futebol/brasileirao-serie-a/jogo/05-05-2025/bragantino-mirassol.ghtml?utm_source=cartolafc;07;datalake/01-landing/season-2025/partidas/partidas_rodada_07.json
['v', 'v', 'd', 'v', 'e'];['e', 'v', 'v', 'v', 'e'];Mineirão;;;;2025-05-04 18:30:00;;1;2;334012;2;262;1;283;1746394200;26;True;saiba como foi;https://ge.globo.com/mg/futebol/brasileirao-serie-a/jogo/04-05-2025/cruzeiro-flamengo.ghtml?utm_source=cartolafc;07;datalake/01-landing/season-2025/partidas/partidas_rodada_07.json
['d', 'v', 'v', 'd', 'e'];['v', 'v', 'e', 'd', 'e'];Arena do Grêmio;;;;2025-05-04 16:00:00;;0;1;334013;17;277;13;284;1746385200;26;True;saiba como foi;https://ge.globo.com/rs/futebol/brasileirao-serie-a/jogo/04-05-2025/gremio-santos.ghtml?utm_source=cartolafc;07;datalake/01-landing/season-2025/partidas/partidas_rodada_07.json
['v', 'v', 'v', 'e', 'v'];['d', 'v', 'v', 'v', 'e'];Casa de Apostas Arena Fonte Nova;;;;2025-05-03 21:00:00;;0;1;334014;5;263;6;265;1746316800;26;True;saiba como foi;https://ge.globo.com/ba/futebol/brasileirao-serie-a/jogo/03-05-2025/bahia-botafogo.ghtml?utm_source=cartolafc;07;datalake/01-landing/season-2025/partidas/partidas_rodada_07.json
['e', 'd', 'e', 'v', 'e'];['d', 'v', 'd', 'd', 'e'];Presidente Vargas (CE);;;;2025-05-03 18:30:00;;0;1;334015;15;287;11;354;1746307800;26;True;saiba como foi;https://ge.globo.com/ce/futebol/brasileirao-serie-a/jogo/03-05-2025/ceara-vitoria.ghtml?utm_source=cartolafc;07;datalake/01-landing/season-2025/partidas/partidas_rodada_07.json
['e', 'v', 'v', 'd', 'd'];['e', 'd', 'd', 'v', 'd'];Alfredo Jaconi;;;;2025-05-05 20:00:00;;1;0;334016;9;282;18;286;1746486000;26;True;saiba como foi;https://ge.globo.com/rs/futebol/brasileirao-serie-a/jogo/05-05-2025/juventude-atletico-mg.ghtml?utm_source=cartolafc;07;datalake/01-landing/season-2025/partidas/partidas_rodada_07.json
['', '', '', '', ''];['', '', '', '', '']; ;;;;2025-12-14 20:30:00;;;;334017;0;276;0;266;1765755000;26;True;;;36;datalake/01-landing/season-2025/partidas/partidas_rodada_36.json
['', '', '', '', ''];['', '', '', '', '']; ;;;;2025-12-14 20:30:00;;;;334018;0;285;0;267;1765755000;26;True;;;36;datalake/01-landing/season-2025/partidas/partidas_rodada_36.json
['', '', '', '', ''];['', '', '', '', '']; ;;;;2025-12-14 20:30:00;;;;334019;0;263;0;264;1765755000;26;True;;;36;datalake/01-landing/season-2025/partidas/partidas_rodada_36.json
['', '', '', '', ''];['', '', '', '', '']; ;;;;2025-12-14 20:30:00;;;;334020;0;292;0;277;1765755000;26;True;;;36;datalake/01-landing/season-2025/partidas/partidas_rodada_36.json
['', '', '', '', ''];['', '', '', '', '']; ;;;;2025-12-14 20:30:00;;;;334021;0;356;0;280;1765755000;26;True;;;36;datalake/01-landing/season-2025/partidas/partidas_rodada_36.json
['', '', '', '', ''];['', '', '', '', '']; ;;;;2025-12-14 20:30:00;;;;334022;0;262;0;282;1765755000;26;True;;;36;datalake/01-landing/season-2025/partidas/partidas_rodada_36.json
['', '', '', '', ''];['', '', '', '', '']; ;;;;2025-12-14 20:30:00;;;;334023;0;275;0;284;1765755000;26;True;;;36;datalake/01-landing/season-2025/partidas/partidas_rodada_36.json
['', '', '', '', ''];['', '', '', '', '']; ;;;;2025-12-14 20:30:00;;;;334024;0;2305;0;287;1765755000;26;True;;;36;datalake/01-landing/season-2025/partidas/partidas_rodada_36.json
['', '', '', '', ''];['', '', '', '', '']; ;;;;2025-12-14 20:30:00;;;;334025;0;283;0;354;1765755000;26;True;;;36;datalake/01-landing/season-2025/partidas/partidas_rodada_36.json
['', '', '', '', ''];['', '', '', '', '']; ;;;;2025-12-14 20:30:00;;;;334026;0;265;0;286;1765755000;26;True;;;36;datalake/01-landing/season-2025/partidas/partidas_rodada_36.json
['', '', '', '', ''];['', '', '', '', '']; ;;;;2025-10-01 20:30:00;;;;334197;0;283;0;262;1759361400;26;True;;;26;datalake/01-landing/season-2025/partidas/partidas_rodada_26.json
['', '', '', '', ''];['', '', '', '', '']; ;;;;2025-10-01 20:30:00;;;;334198;0;265;0;263;1759361400;26;True;;;26;datalake/01-landing/season-2025/partidas/partidas_rodada_26.json
['', '', '', '', ''];['', '', '', '', '']; ;;;;2025-10-01 20:30:00;;;;334199;0;267;0;275;1759361400;26;True;;;26;datalake/01-landing/season-2025/partidas/partidas_rodada_26.json
['', '', '', '', ''];['', '', '', '', '']; ;;;;2025-10-01 20:30:00;;;;334200;0;284;0;277;1759361400;26;True;;;26;datalake/01-landing/season-2025/partidas/partidas_rodada_26.json
['', '', '', '', ''];['', '', '', '', '']; ;;;;2025-10-01 20:30:00;;;;334201;0;280;0;2305;1759361400;26;True;;;26;datalake/01-landing/season-2025/partidas/partidas_rodada_26.json
['', '', '', '', ''];['', '', '', '', '']; ;;;;2025-10-01 20:30:00;;;;334202;0;286;0;282;1759361400;26;True;;;26;datalake/01-landing/season-2025/partidas/partidas_rodada_26.json
['', '', '', '', ''];['', '', '', '', '']; ;;;;2025-10-01 20:30:00;;;;334203;0;264;0;285;1759361400;26;True;;;26;datalake/01-landing/season-2025/partidas/partidas_rodada_26.json
['', '', '', '', ''];['', '', '', '', '']; ;;;;2025-10-01 20:30:00;;;;334204;0;354;0;287;1759361400;26;True;;;26;datalake/01-landing/season-2025/partidas/partidas_rodada_26.json
['', '', '', '', ''];['', '', '', '', '']; ;;;;2025-10-01 20:30:00;;;;334205;0;276;0;356;1759361400;26;True;;;26;datalake/01-landing/season-2025/partidas/partidas_rodada_26.json
['', '', '', '', ''];['', '', '', '', '']; ;;;;2025-10-01 20:30:00;;;;334206;0;266;0;292;1759361400;26;True;;;26;datalake/01-landing/season-2025/partidas/partidas_rodada_26.json
['', '', '', '', ''];['', '', '', '', '']; ;;;;2025-08-03 20:30:00;;;;334127;0;284;0;266;1754263800;26;True;;;18;datalake/01-landing/season-2025/partidas/partidas_rodada_18.json
['', '', '', '', ''];['', '', '', '', '']; ;;;;2025-08-03 20:30:00;;;;334129;0;283;0;263;1754263800;26;True;;;18;datalake/01-landing/season-2025/partidas/partidas_rodada_18.json
['', '', '', '', ''];['', '', '', '', '']; ;;;;2025-08-03 20:30:00;;;;334131;0;356;0;264;1754263800;26;True;;;18;datalake/01-landing/season-2025/partidas/partidas_rodada_18.json
['', '', '', '', ''];['', '', '', '', ''];Morumbis;;;;2025-08-04 20:00:00;;;;334133;0;286;0;277;1754348400;26;True;;;18;datalake/01-landing/season-2025/partidas/partidas_rodada_18.json
['', '', '', '', ''];['', '', '', '', '']; ;;;;2025-08-03 20:30:00;;;;334135;0;267;0;2305;1754263800;26;True;;;18;datalake/01-landing/season-2025/partidas/partidas_rodada_18.json
['', '', '', '', ''];['', '', '', '', '']; ;;;;2025-08-03 20:30:00;;;;334137;0;280;0;282;1754263800;26;True;;;18;datalake/01-landing/season-2025/partidas/partidas_rodada_18.json
['', '', '', '', ''];['', '', '', '', '']; ;;;;2025-08-03 20:30:00;;;;334138;0;276;0;285;1754263800;26;True;;;18;datalake/01-landing/season-2025/partidas/partidas_rodada_18.json
['', '', '', '', ''];['', '', '', '', '']; ;;;;2025-08-03 20:30:00;;;;334140;0;275;0;287;1754263800;26;True;;;18;datalake/01-landing/season-2025/partidas/partidas_rodada_18.json
['', '', '', '', ''];['', '', '', '', '']; ;;;;2025-08-03 20:30:00;;;;334143;0;262;0;354;1754263800;26;True;;;18;datalake/01-landing/season-2025/partidas/partidas_rodada_18.json
['', '', '', '', ''];['', '', '', '', '']; ;;;;2025-08-03 20:30:00;;;;334145;0;265;0;292;1754263800;26;True;;;18;datalake/01-landing/season-2025/partidas/partidas_rodada_18.json
['v', 'v', 'v', 'e', 'v'];['v', 'v', 'd', 'v', 'e'];Maracanã;;;;2025-05-18 18:30:00;;0;0;334057;5;263;2;262;1747603800;26;True;saiba como foi;https://ge.globo.com/rj/futebol/brasileirao-serie-a/jogo/18-05-2025/flamengo-botafogo.ghtml?utm_source=cartolafc;09;datalake/01-landing/season-2025/partidas/partidas_rodada_09.json
['d', 'd', 'd', 'd', 'e'];['d', 'd', 'v', 'd', 'e'];São Januário;;;;2025-05-17 18:30:00;;0;3;334058;19;356;16;267;1747517400;26;True;saiba como foi;https://ge.globo.com/rj/futebol/brasileirao-serie-a/jogo/17-05-2025/vasco-fortaleza.ghtml?utm_source=cartolafc;09;datalake/01-landing/season-2025/partidas/partidas_rodada_09.json
['d', 'v', 'v', 'd', 'e'];['e', 'd', 'v', 'd', 'e'];Neo Química Arena;;;;2025-05-18 16:00:00;;0;1;334059;17;277;10;264;1747594800;26;True;saiba como foi;https://ge.globo.com/sp/futebol/brasileirao-serie-a/jogo/18-05-2025/corinthians-santos.ghtml?utm_source=cartolafc;09;datalake/01-landing/season-2025/partidas/partidas_rodada_09.json
['v', 'v', 'e', 'd', 'e'];['d', 'd', 'd', 'e', 'v'];Morumbis;;;;2025-05-17 21:00:00;;1;2;334060;13;284;14;276;1747526400;26;True;saiba como foi;https://ge.globo.com/sp/futebol/brasileirao-serie-a/jogo/17-05-2025/sao-paulo-gremio.ghtml?utm_source=cartolafc;09;datalake/01-landing/season-2025/partidas/partidas_rodada_09.json
['d', 'd', 'e', 'v', 'e'];['d', 'v', 'e', 'd', 'e'];Cícero de Souza Marques;;;;2025-05-18 18:30:00;;2;1;334061;4;275;3;280;1747603800;26;True;saiba como foi;https://ge.globo.com/sp/vale-do-paraiba-regiao/futebol/brasileirao-serie-a/jogo/18-05-2025/bragantino-palmeiras.ghtml?utm_source=cartolafc;09;datalake/01-landing/season-2025/partidas/partidas_rodada_09.json
['e', 'v', 'v', 'd', 'd'];['e', 'v', 'v', 'v', 'e'];Mineirão;;;;2025-05-18 20:30:00;;0;0;334062;9;282;1;283;1747611000;26;True;saiba como foi;https://ge.globo.com/mg/futebol/brasileirao-serie-a/jogo/18-05-2025/cruzeiro-atletico-mg.ghtml?utm_source=cartolafc;09;datalake/01-landing/season-2025/partidas/partidas_rodada_09.json
['v', 'v', 'e', 'v', 'e'];['d', 'd', 'v', 'v', 'e'];Beira-Rio;;;;2025-05-18 20:30:00;;1;1;334063;7;2305;12;285;1747611000;26;True;saiba como foi;https://ge.globo.com/rs/futebol/brasileirao-serie-a/jogo/18-05-2025/internacional-mirassol.ghtml?utm_source=cartolafc;09;datalake/01-landing/season-2025/partidas/partidas_rodada_09.json
['e', 'd', 'e', 'v', 'e'];['d', 'v', 'v', 'v', 'e'];Casa de Apostas Arena Fonte Nova;;;;2025-05-18 16:00:00;;1;2;334064;15;287;6;265;1747594800;26;True;saiba como foi;https://ge.globo.com/ba/futebol/brasileirao-serie-a/jogo/18-05-2025/bahia-vitoria.ghtml?utm_source=cartolafc;09;datalake/01-landing/season-2025/partidas/partidas_rodada_09.json
['e', 'd', 'd', 'd', 'e'];['d', 'v', 'd', 'd', 'e'];Castelão (CE);;;;2025-05-17 16:00:00;;0;2;334065;20;292;11;354;1747508400;26;True;saiba como foi;https://ge.globo.com/ce/futebol/brasileirao-serie-a/jogo/17-05-2025/ceara-sport.ghtml?utm_source=cartolafc;09;datalake/01-landing/season-2025/partidas/partidas_rodada_09.json
['v', 'v', 'd', 'd', 'e'];['e', 'd', 'd', 'v', 'd'];Alfredo Jaconi;;;;2025-05-18 16:00:00;;1;1;334066;8;266;18;286;1747594800;26;True;saiba como foi;https://ge.globo.com/rs/futebol/brasileirao-serie-a/jogo/18-05-2025/juventude-fluminense.ghtml?utm_source=cartolafc;09;datalake/01-landing/season-2025/partidas/partidas_rodada_09.json
['', '', '', '', ''];['', '', '', '', ''];Maracanã;;;;2025-07-27 20:30:00;;;;334097;0;282;0;262;1753659000;26;True;;;17;datalake/01-landing/season-2025/partidas/partidas_rodada_17.json
['', '', '', '', ''];['', '', '', '', ''];Nilton Santos (Engenhão);;;;2025-07-26 18:30:00;;;;334098;0;264;0;263;1753565400;26;True;;;17;datalake/01-landing/season-2025/partidas/partidas_rodada_17.json
['', '', '', '', ''];['', '', '', '', ''];Allianz Parque;;;;2025-07-26 21:00:00;;;;334099;0;284;0;275;1753574400;26;True;;;17;datalake/01-landing/season-2025/partidas/partidas_rodada_17.json
['', '', '', '', ''];['', '', '', '', ''];Morumbis;;;;2025-07-27 16:00:00;;;;334100;0;266;0;276;1753642800;26;True;;;17;datalake/01-landing/season-2025/partidas/partidas_rodada_17.json
['', '', '', '', ''];['', '', '', '', ''];Maião;;;;2025-07-26 18:30:00;;;;334101;0;287;0;2305;1753565400;26;True;;;17;datalake/01-landing/season-2025/partidas/partidas_rodada_17.json
['', '', '', '', ''];['', '', '', '', ''];Mineirão;;;;2025-07-27 16:00:00;;;;334102;0;354;0;283;1753642800;26;True;fique por dentro;https://ge.globo.com/mg/futebol/brasileirao-serie-a/jogo/27-07-2025/cruzeiro-ceara.ghtml?utm_source=cartolafc;17;datalake/01-landing/season-2025/partidas/partidas_rodada_17.json
['', '', '', '', ''];['', '', '', '', ''];Beira-Rio;;;;2025-07-27 18:30:00;;;;334103;0;267;0;285;1753651800;26;True;;;17;datalake/01-landing/season-2025/partidas/partidas_rodada_17.json
['', '', '', '', ''];['', '', '', '', ''];Casa de Apostas Arena Fonte Nova;;;;2025-07-27 18:30:00;;;;334104;0;286;0;265;1753651800;26;True;fique por dentro;https://ge.globo.com/ba/futebol/brasileirao-serie-a/jogo/27-07-2025/bahia-juventude.ghtml?utm_source=cartolafc;17;datalake/01-landing/season-2025/partidas/partidas_rodada_17.json
['', '', '', '', ''];['', '', '', '', ''];Castelão (CE);;;;2025-07-26 18:30:00;;;;334105;0;280;0;356;1753565400;26;True;fique por dentro;https://ge.globo.com/ce/futebol/brasileirao-serie-a/jogo/26-07-2025/fortaleza-bragantino.ghtml?utm_source=cartolafc;17;datalake/01-landing/season-2025/partidas/partidas_rodada_17.json
['', '', '', '', ''];['', '', '', '', ''];Ilha do Retiro;;;;2025-07-26 18:30:00;;;;334106;0;277;0;292;1753565400;26;True;;;17;datalake/01-landing/season-2025/partidas/partidas_rodada_17.json
['d', 'd', 'v', 'd', 'e'];['v', 'v', 'd', 'd', 'e'];Maracanã;;;;2025-05-24 18:30:00;;1;2;334087;16;267;8;266;1748122200;26;True;saiba como foi;https://ge.globo.com/rj/futebol/brasileirao-serie-a/jogo/24-05-2025/fluminense-vasco.ghtml?utm_source=cartolafc;10;datalake/01-landing/season-2025/partidas/partidas_rodada_10.json
['d', 'v', 'd', 'd', 'e'];['v', 'v', 'v', 'e', 'v'];Nilton Santos (Engenhão);;;;2025-06-04 20:00:00;;2;3;334088;11;354;5;263;1749078000;26;False;saiba como foi;https://ge.globo.com/rj/futebol/brasileirao-serie-a/jogo/04-06-2025/botafogo-ceara.ghtml?utm_source=cartolafc;10;datalake/01-landing/season-2025/partidas/partidas_rodada_10.json
['v', 'v', 'd', 'v', 'e'];['d', 'd', 'e', 'v', 'e'];Allianz Parque;;;;2025-05-25 16:00:00;;2;0;334089;2;262;4;275;1748199600;26;True;saiba como foi;https://ge.globo.com/sp/futebol/brasileirao-serie-a/jogo/25-05-2025/palmeiras-flamengo.ghtml?utm_source=cartolafc;10;datalake/01-landing/season-2025/partidas/partidas_rodada_10.json
['v', 'v', 'e', 'v', 'e'];['d', 'd', 'd', 'e', 'v'];Morumbis;;;;2025-05-24 18:30:00;;2;0;334090;7;2305;14;276;1748122200;26;True;saiba como foi;https://ge.globo.com/sp/futebol/brasileirao-serie-a/jogo/24-05-2025/sao-paulo-mirassol.ghtml?utm_source=cartolafc;10;datalake/01-landing/season-2025/partidas/partidas_rodada_10.json
['e', 'd', 'd', 'v', 'd'];['d', 'v', 'e', 'd', 'e'];Cícero de Souza Marques;;;;2025-05-26 20:00:00;;0;1;334091;18;286;3;280;1748300400;26;True;saiba como foi;https://ge.globo.com/sp/vale-do-paraiba-regiao/futebol/brasileirao-serie-a/jogo/26-05-2025/bragantino-juventude.ghtml?utm_source=cartolafc;10;datalake/01-landing/season-2025/partidas/partidas_rodada_10.json
['e', 'd', 'v', 'd', 'e'];['e', 'v', 'v', 'd', 'd'];Arena MRV;;;;2025-05-24 21:00:00;;0;0;334092;10;264;9;282;1748131200;26;True;saiba como foi;https://ge.globo.com/mg/futebol/brasileirao-serie-a/jogo/24-05-2025/atletico-mg-corinthians.ghtml?utm_source=cartolafc;10;datalake/01-landing/season-2025/partidas/partidas_rodada_10.json
['d', 'v', 'v', 'v', 'e'];['v', 'v', 'e', 'd', 'e'];Arena do Grêmio;;;;2025-05-25 11:00:00;;0;1;334093;6;265;13;284;1748181600;26;True;saiba como foi;https://ge.globo.com/rs/futebol/brasileirao-serie-a/jogo/25-05-2025/gremio-bahia.ghtml?utm_source=cartolafc;10;datalake/01-landing/season-2025/partidas/partidas_rodada_10.json
['d', 'v', 'v', 'd', 'e'];['e', 'd', 'e', 'v', 'e'];Barradão;;;;2025-05-25 18:30:00;;1;0;334094;17;277;15;287;1748208600;26;True;saiba como foi;https://ge.globo.com/ba/futebol/brasileirao-serie-a/jogo/25-05-2025/vitoria-santos.ghtml?utm_source=cartolafc;10;datalake/01-landing/season-2025/partidas/partidas_rodada_10.json
['e', 'v', 'v', 'v', 'e'];['d', 'd', 'd', 'd', 'e'];Castelão (CE);;;;2025-05-25 20:30:00;;2;0;334095;1;283;19;356;1748215800;26;True;saiba como foi;https://ge.globo.com/ce/futebol/brasileirao-serie-a/jogo/25-05-2025/fortaleza-cruzeiro.ghtml?utm_source=cartolafc;10;datalake/01-landing/season-2025/partidas/partidas_rodada_10.json
['d', 'd', 'v', 'v', 'e'];['e', 'd', 'd', 'd', 'e'];Ilha do Retiro;;;;2025-05-25 16:00:00;;1;1;334096;12;285;20;292;1748199600;26;True;saiba como foi;https://ge.globo.com/pe/futebol/brasileirao-serie-a/jogo/25-05-2025/sport-internacional.ghtml?utm_source=cartolafc;10;datalake/01-landing/season-2025/partidas/partidas_rodada_10.json
['', '', '', '', ''];['', '', '', '', '']; ;;;;2025-08-10 20:30:00;;;;334167;0;2305;0;262;1754868600;26;True;;;19;datalake/01-landing/season-2025/partidas/partidas_rodada_19.json
['', '', '', '', ''];['', '', '', '', '']; ;;;;2025-08-10 20:30:00;;;;334168;0;282;0;267;1754868600;26;True;;;19;datalake/01-landing/season-2025/partidas/partidas_rodada_19.json
['', '', '', '', ''];['', '', '', '', '']; ;;;;2025-08-10 20:30:00;;;;334169;0;354;0;275;1754868600;26;True;;;19;datalake/01-landing/season-2025/partidas/partidas_rodada_19.json
['', '', '', '', ''];['', '', '', '', '']; ;;;;2025-08-10 20:30:00;;;;334170;0;287;0;276;1754868600;26;True;;;19;datalake/01-landing/season-2025/partidas/partidas_rodada_19.json
['', '', '', '', ''];['', '', '', '', '']; ;;;;2025-08-10 20:30:00;;;;334171;0;285;0;280;1754868600;26;True;;;19;datalake/01-landing/season-2025/partidas/partidas_rodada_19.json
['', '', '', '', ''];['', '', '', '', '']; ;;;;2025-08-10 20:30:00;;;;334172;0;277;0;283;1754868600;26;True;;;19;datalake/01-landing/season-2025/partidas/partidas_rodada_19.json
['', '', '', '', ''];['', '', '', '', '']; ;;;;2025-08-10 20:30:00;;;;334173;0;292;0;284;1754868600;26;True;;;19;datalake/01-landing/season-2025/partidas/partidas_rodada_19.json
['', '', '', '', ''];['', '', '', '', '']; ;;;;2025-08-10 20:30:00;;;;334174;0;266;0;265;1754868600;26;True;;;19;datalake/01-landing/season-2025/partidas/partidas_rodada_19.json
['', '', '', '', ''];['', '', '', '', '']; ;;;;2025-08-10 20:30:00;;;;334175;0;263;0;356;1754868600;26;True;;;19;datalake/01-landing/season-2025/partidas/partidas_rodada_19.json
['', '', '', '', ''];['', '', '', '', '']; ;;;;2025-08-10 20:30:00;;;;334176;0;264;0;286;1754868600;26;True;;;19;datalake/01-landing/season-2025/partidas/partidas_rodada_19.json
['', '', '', '', ''];['', '', '', '', '']; ;;;;2025-12-10 20:30:00;;;;334077;0;280;0;262;1765409400;26;True;;;35;datalake/01-landing/season-2025/partidas/partidas_rodada_35.json
['', '', '', '', ''];['', '', '', '', '']; ;;;;2025-12-10 20:30:00;;;;334078;0;284;0;263;1765409400;26;True;;;35;datalake/01-landing/season-2025/partidas/partidas_rodada_35.json
['', '', '', '', ''];['', '', '', '', '']; ;;;;2025-12-10 20:30:00;;;;334079;0;266;0;275;1765409400;26;True;;;35;datalake/01-landing/season-2025/partidas/partidas_rodada_35.json
['', '', '', '', ''];['', '', '', '', '']; ;;;;2025-12-10 20:30:00;;;;334080;0;286;0;276;1765409400;26;True;;;35;datalake/01-landing/season-2025/partidas/partidas_rodada_35.json
['', '', '', '', ''];['', '', '', '', '']; ;;;;2025-12-10 20:30:00;;;;334081;0;354;0;2305;1765409400;26;True;;;35;datalake/01-landing/season-2025/partidas/partidas_rodada_35.json
['', '', '', '', ''];['', '', '', '', '']; ;;;;2025-12-10 20:30:00;;;;334082;0;264;0;283;1765409400;26;True;;;35;datalake/01-landing/season-2025/partidas/partidas_rodada_35.json
['', '', '', '', ''];['', '', '', '', '']; ;;;;2025-12-10 20:30:00;;;;334083;0;277;0;285;1765409400;26;True;;;35;datalake/01-landing/season-2025/partidas/partidas_rodada_35.json
['', '', '', '', ''];['', '', '', '', '']; ;;;;2025-12-10 20:30:00;;;;334084;0;267;0;265;1765409400;26;True;;;35;datalake/01-landing/season-2025/partidas/partidas_rodada_35.json
['', '', '', '', ''];['', '', '', '', '']; ;;;;2025-12-10 20:30:00;;;;334085;0;282;0;356;1765409400;26;True;;;35;datalake/01-landing/season-2025/partidas/partidas_rodada_35.json
['', '', '', '', ''];['', '', '', '', '']; ;;;;2025-12-10 20:30:00;;;;334086;0;287;0;292;1765409400;26;True;;;35;datalake/01-landing/season-2025/partidas/partidas_rodada_35.json
['d', 'd', 'd', 'e', 'v'];['v', 'v', 'd', 'v', 'e'];Maracanã;;;;2025-07-12 16:30:00;;0;2;333957;14;276;2;262;1752348600;26;True;saiba como foi;https://ge.globo.com/rj/futebol/brasileirao-serie-a/jogo/12-07-2025/flamengo-sao-paulo.ghtml?utm_source=cartolafc;13;datalake/01-landing/season-2025/partidas/partidas_rodada_13.json
['v', 'v', 'v', 'e', 'v'];['d', 'd', 'v', 'd', 'e'];Mané Garrincha;;;;2025-07-12 18:30:00;;2;0;333958;5;263;16;267;1752355800;26;True;saiba como foi;https://ge.globo.com/rj/futebol/brasileirao-serie-a/jogo/12-07-2025/vasco-botafogo.ghtml?utm_source=cartolafc;13;datalake/01-landing/season-2025/partidas/partidas_rodada_13.json
['d', 'v', 'e', 'd', 'e'];['e', 'd', 'v', 'd', 'e'];Neo Química Arena;;;;2025-07-13 19:00:00;;2;1;333959;3;280;10;264;1752444000;26;True;saiba como foi;https://ge.globo.com/sp/futebol/brasileirao-serie-a/jogo/13-07-2025/corinthians-bragantino.ghtml?utm_source=cartolafc;13;datalake/01-landing/season-2025/partidas/partidas_rodada_13.json
['d', 'd', 'e', 'v', 'e'];['d', 'v', 'v', 'd', 'e'];Vila Belmiro;;;;2025-08-16 00:00:00;;;;333960;4;275;17;277;1755313200;26;False;;;13;datalake/01-landing/season-2025/partidas/partidas_rodada_13.json
['v', 'v', 'd', 'd', 'e'];['v', 'v', 'e', 'v', 'e'];Maião;;;;2025-08-16 00:00:00;;;;333961;8;266;7;2305;1755313200;26;False;;;13;datalake/01-landing/season-2025/partidas/partidas_rodada_13.json
['v', 'v', 'e', 'd', 'e'];['e', 'v', 'v', 'v', 'e'];Mineirão;;;;2025-07-13 20:30:00;;1;4;333962;13;284;1;283;1752449400;26;True;saiba como foi;https://ge.globo.com/mg/futebol/brasileirao-serie-a/jogo/13-07-2025/cruzeiro-gremio.ghtml?utm_source=cartolafc;13;datalake/01-landing/season-2025/partidas/partidas_rodada_13.json
['e', 'd', 'e', 'v', 'e'];['d', 'd', 'v', 'v', 'e'];Beira-Rio;;;;2025-07-12 16:30:00;;0;1;333963;15;287;12;285;1752348600;26;True;saiba como foi;https://ge.globo.com/rs/futebol/brasileirao-serie-a/jogo/12-07-2025/internacional-vitoria.ghtml?utm_source=cartolafc;13;datalake/01-landing/season-2025/partidas/partidas_rodada_13.json
['e', 'v', 'v', 'd', 'd'];['d', 'v', 'v', 'v', 'e'];Casa de Apostas Arena Fonte Nova;;;;2025-07-12 21:00:00;;1;2;333964;9;282;6;265;1752364800;26;True;saiba como foi;https://ge.globo.com/ba/futebol/brasileirao-serie-a/jogo/12-07-2025/bahia-atletico-mg.ghtml?utm_source=cartolafc;13;datalake/01-landing/season-2025/partidas/partidas_rodada_13.json
['d', 'v', 'd', 'd', 'e'];['d', 'd', 'd', 'd', 'e'];Castelão (CE);;;;2025-07-13 20:30:00;;1;0;333965;11;354;19;356;1752449400;26;True;saiba como foi;https://ge.globo.com/ce/futebol/brasileirao-serie-a/jogo/13-07-2025/fortaleza-ceara.ghtml?utm_source=cartolafc;13;datalake/01-landing/season-2025/partidas/partidas_rodada_13.json
['e', 'd', 'd', 'd', 'e'];['e', 'd', 'd', 'v', 'd'];Alfredo Jaconi;;;;2025-07-14 20:00:00;;0;2;333966;20;292;18;286;1752534000;26;True;saiba como foi;https://ge.globo.com/rs/futebol/brasileirao-serie-a/jogo/14-07-2025/juventude-sport.ghtml?utm_source=cartolafc;13;datalake/01-landing/season-2025/partidas/partidas_rodada_13.json
['e', 'v', 'v', 'v', 'e'];['v', 'v', 'd', 'd', 'e'];Maracanã;;;;2025-07-17 19:30:00;;2;0;333997;1;283;8;266;1752791400;26;True;saiba como foi;https://ge.globo.com/rj/futebol/brasileirao-serie-a/jogo/17-07-2025/fluminense-cruzeiro.ghtml?utm_source=cartolafc;14;datalake/01-landing/season-2025/partidas/partidas_rodada_14.json
['e', 'd', 'e', 'v', 'e'];['v', 'v', 'v', 'e', 'v'];Nilton Santos (Engenhão);;;;2025-07-16 21:30:00;;0;0;333998;15;287;5;263;1752712200;26;True;saiba como foi;https://ge.globo.com/rj/futebol/brasileirao-serie-a/jogo/16-07-2025/botafogo-vitoria.ghtml?utm_source=cartolafc;14;datalake/01-landing/season-2025/partidas/partidas_rodada_14.json
['v', 'v', 'e', 'v', 'e'];['d', 'd', 'e', 'v', 'e'];Allianz Parque;;;;2025-07-16 19:00:00;;1;1;333999;7;2305;4;275;1752703200;26;True;saiba como foi;https://ge.globo.com/sp/futebol/brasileirao-serie-a/jogo/16-07-2025/palmeiras-mirassol.ghtml?utm_source=cartolafc;14;datalake/01-landing/season-2025/partidas/partidas_rodada_14.json
['v', 'v', 'd', 'v', 'e'];['d', 'v', 'v', 'd', 'e'];Vila Belmiro;;;;2025-07-16 20:00:00;;0;1;334000;2;262;17;277;1752706800;26;True;saiba como foi;https://ge.globo.com/sp/santos-e-regiao/futebol/brasileirao-serie-a/jogo/16-07-2025/santos-flamengo.ghtml?utm_source=cartolafc;14;datalake/01-landing/season-2025/partidas/partidas_rodada_14.json
['d', 'd', 'd', 'e', 'v'];['d', 'v', 'e', 'd', 'e'];Cícero de Souza Marques;;;;2025-07-16 21:30:00;;2;2;334001;14;276;3;280;1752712200;26;True;saiba como foi;https://ge.globo.com/sp/vale-do-paraiba-regiao/futebol/brasileirao-serie-a/jogo/16-07-2025/bragantino-sao-paulo.ghtml?utm_source=cartolafc;14;datalake/01-landing/season-2025/partidas/partidas_rodada_14.json
['e', 'd', 'd', 'd', 'e'];['e', 'v', 'v', 'd', 'd']; Arena MRV;;;;2025-07-16 20:30:00;;;;334002;20;292;9;282;1752708600;26;False;;;14;datalake/01-landing/season-2025/partidas/partidas_rodada_14.json
['d', 'd', 'd', 'd', 'e'];['v', 'v', 'e', 'd', 'e'];Arena do Grêmio;;;;2025-07-29 20:30:00;;;;334003;19;356;13;284;1753831800;26;False;;;14;datalake/01-landing/season-2025/partidas/partidas_rodada_14.json
['d', 'd', 'v', 'v', 'e'];['d', 'v', 'v', 'v', 'e'];Fonte Nova;;;;2025-07-16 00:00:00;;;;334004;12;285;6;265;1752634800;26;False;;;14;datalake/01-landing/season-2025/partidas/partidas_rodada_14.json
['e', 'd', 'v', 'd', 'e'];['d', 'v', 'd', 'd', 'e'];Castelão (CE);;;;2025-07-16 19:30:00;;1;0;334005;10;264;11;354;1752705000;26;True;saiba como foi;https://ge.globo.com/ce/futebol/brasileirao-serie-a/jogo/16-07-2025/ceara-corinthians.ghtml?utm_source=cartolafc;14;datalake/01-landing/season-2025/partidas/partidas_rodada_14.json
['d', 'd', 'v', 'd', 'e'];['e', 'd', 'd', 'v', 'd']; Alfredo Jaconi;;;;2025-07-16 20:30:00;;;;334006;16;267;18;286;1752708600;26;False;;;14;datalake/01-landing/season-2025/partidas/partidas_rodada_14.json
['d', 'v', 'e', 'd', 'e'];['v', 'v', 'd', 'd', 'e'];Maracanã;;;;2025-04-06 16:00:00;;1;2;333877;3;280;8;266;1743966000;26;True;saiba como foi;https://ge.globo.com/rj/futebol/brasileirao-serie-a/jogo/06-04-2025/fluminense-bragantino.ghtml?utm_source=cartolafc;02;datalake/01-landing/season-2025/partidas/partidas_rodada_02.json
['e', 'd', 'd', 'v', 'd'];['v', 'v', 'v', 'e', 'v'];Nilton Santos (Engenhão);;;;2025-04-05 21:00:00;;0;2;333878;18;286;5;263;1743897600;26;True;saiba como foi;https://ge.globo.com/rj/futebol/brasileirao-serie-a/jogo/05-04-2025/botafogo-juventude.ghtml?utm_source=cartolafc;02;datalake/01-landing/season-2025/partidas/partidas_rodada_02.json
['d', 'd', 'v', 'd', 'e'];['e', 'd', 'v', 'd', 'e'];Neo Química Arena;;;;2025-04-05 18:30:00;;0;3;333879;16;267;10;264;1743888600;26;True;saiba como foi;https://ge.globo.com/sp/futebol/brasileirao-serie-a/jogo/05-04-2025/corinthians-vasco.ghtml?utm_source=cartolafc;02;datalake/01-landing/season-2025/partidas/partidas_rodada_02.json
['d', 'v', 'v', 'v', 'e'];['d', 'v', 'v', 'd', 'e'];Vila Belmiro;;;;2025-04-06 20:30:00;;2;2;333880;6;265;17;277;1743982200;26;True;saiba como foi;https://ge.globo.com/sp/santos-e-regiao/futebol/brasileirao-serie-a/jogo/06-04-2025/santos-bahia.ghtml?utm_source=cartolafc;02;datalake/01-landing/season-2025/partidas/partidas_rodada_02.json
['d', 'd', 'd', 'd', 'e'];['v', 'v', 'e', 'v', 'e'];Maião;;;;2025-04-06 18:30:00;;1;1;333881;19;356;7;2305;1743975000;26;True;saiba como foi;https://ge.globo.com/sp/tem-esporte/futebol/brasileirao-serie-a/jogo/06-04-2025/mirassol-fortaleza.ghtml?utm_source=cartolafc;02;datalake/01-landing/season-2025/partidas/partidas_rodada_02.json
['d', 'd', 'd', 'e', 'v'];['e', 'v', 'v', 'd', 'd'];Mineirão;;;;2025-04-06 16:00:00;;0;0;333882;14;276;9;282;1743966000;26;True;saiba como foi;https://ge.globo.com/mg/futebol/brasileirao-serie-a/jogo/06-04-2025/atletico-mg-sao-paulo.ghtml?utm_source=cartolafc;02;datalake/01-landing/season-2025/partidas/partidas_rodada_02.json
['e', 'v', 'v', 'v', 'e'];['d', 'd', 'v', 'v', 'e'];Beira-Rio;;;;2025-04-06 18:30:00;;0;3;333883;1;283;12;285;1743975000;26;True;saiba como foi;https://ge.globo.com/rs/futebol/brasileirao-serie-a/jogo/06-04-2025/internacional-cruzeiro.ghtml?utm_source=cartolafc;02;datalake/01-landing/season-2025/partidas/partidas_rodada_02.json
['v', 'v', 'd', 'v', 'e'];['e', 'd', 'e', 'v', 'e'];Barradão;;;;2025-04-06 18:30:00;;2;1;333884;2;262;15;287;1743975000;26;True;saiba como foi;https://ge.globo.com/ba/futebol/brasileirao-serie-a/jogo/06-04-2025/vitoria-flamengo.ghtml?utm_source=cartolafc;02;datalake/01-landing/season-2025/partidas/partidas_rodada_02.json
['v', 'v', 'e', 'd', 'e'];['d', 'v', 'd', 'd', 'e'];Castelão (CE);;;;2025-04-05 18:30:00;;0;2;333885;13;284;11;354;1743888600;26;True;saiba como foi;https://ge.globo.com/ce/futebol/brasileirao-serie-a/jogo/05-04-2025/ceara-gremio.ghtml?utm_source=cartolafc;02;datalake/01-landing/season-2025/partidas/partidas_rodada_02.json
['d', 'd', 'e', 'v', 'e'];['e', 'd', 'd', 'd', 'e'];Ilha do Retiro;;;;2025-04-06 18:30:00;;2;1;333886;4;275;20;292;1743975000;26;True;saiba como foi;https://ge.globo.com/pe/futebol/brasileirao-serie-a/jogo/06-04-2025/sport-palmeiras.ghtml?utm_source=cartolafc;02;datalake/01-landing/season-2025/partidas/partidas_rodada_02.json
['', '', '', '', ''];['', '', '', '', '']; ;;;;2025-11-23 20:30:00;;;;334177;0;292;0;262;1763940600;26;True;;;31;datalake/01-landing/season-2025/partidas/partidas_rodada_31.json
['', '', '', '', ''];['', '', '', '', '']; ;;;;2025-11-23 20:30:00;;;;334178;0;276;0;267;1763940600;26;True;;;31;datalake/01-landing/season-2025/partidas/partidas_rodada_31.json
['', '', '', '', ''];['', '', '', '', '']; ;;;;2025-11-23 20:30:00;;;;334179;0;284;0;264;1763940600;26;True;;;31;datalake/01-landing/season-2025/partidas/partidas_rodada_31.json
['', '', '', '', ''];['', '', '', '', '']; ;;;;2025-11-23 20:30:00;;;;334180;0;356;0;277;1763940600;26;True;;;31;datalake/01-landing/season-2025/partidas/partidas_rodada_31.json
['', '', '', '', ''];['', '', '', '', '']; ;;;;2025-11-23 20:30:00;;;;334181;0;263;0;2305;1763940600;26;True;;;31;datalake/01-landing/season-2025/partidas/partidas_rodada_31.json
['', '', '', '', ''];['', '', '', '', '']; ;;;;2025-11-23 20:30:00;;;;334182;0;287;0;283;1763940600;26;True;;;31;datalake/01-landing/season-2025/partidas/partidas_rodada_31.json
['', '', '', '', ''];['', '', '', '', '']; ;;;;2025-11-23 20:30:00;;;;334183;0;282;0;285;1763940600;26;True;;;31;datalake/01-landing/season-2025/partidas/partidas_rodada_31.json
['', '', '', '', ''];['', '', '', '', '']; ;;;;2025-11-23 20:30:00;;;;334184;0;280;0;265;1763940600;26;True;;;31;datalake/01-landing/season-2025/partidas/partidas_rodada_31.json
['', '', '', '', ''];['', '', '', '', '']; ;;;;2025-11-23 20:30:00;;;;334185;0;266;0;354;1763940600;26;True;;;31;datalake/01-landing/season-2025/partidas/partidas_rodada_31.json
['', '', '', '', ''];['', '', '', '', '']; ;;;;2025-11-23 20:30:00;;;;334187;0;275;0;286;1763940600;26;True;;;31;datalake/01-landing/season-2025/partidas/partidas_rodada_31.json
['', '', '', '', ''];['', '', '', '', '']; ;;;;2025-08-24 20:30:00;;;;333927;0;287;0;262;1756078200;26;True;;;21;datalake/01-landing/season-2025/partidas/partidas_rodada_21.json
['', '', '', '', ''];['', '', '', '', '']; ;;;;2025-08-24 20:30:00;;;;333928;0;264;0;267;1756078200;26;True;;;21;datalake/01-landing/season-2025/partidas/partidas_rodada_21.json
['', '', '', '', ''];['', '', '', '', '']; ;;;;2025-08-24 20:30:00;;;;333929;0;292;0;275;1756078200;26;True;;;21;datalake/01-landing/season-2025/partidas/partidas_rodada_21.json
['', '', '', '', ''];['', '', '', '', '']; ;;;;2025-08-24 20:30:00;;;;333930;0;282;0;276;1756078200;26;True;;;21;datalake/01-landing/season-2025/partidas/partidas_rodada_21.json
['', '', '', '', ''];['', '', '', '', '']; ;;;;2025-08-24 20:30:00;;;;333931;0;266;0;280;1756078200;26;True;;;21;datalake/01-landing/season-2025/partidas/partidas_rodada_21.json
['', '', '', '', ''];['', '', '', '', '']; ;;;;2025-08-24 20:30:00;;;;333932;0;285;0;283;1756078200;26;True;;;21;datalake/01-landing/season-2025/partidas/partidas_rodada_21.json
['', '', '', '', ''];['', '', '', '', '']; ;;;;2025-08-24 20:30:00;;;;333933;0;354;0;284;1756078200;26;True;;;21;datalake/01-landing/season-2025/partidas/partidas_rodada_21.json
['', '', '', '', ''];['', '', '', '', '']; ;;;;2025-08-24 20:30:00;;;;333934;0;277;0;265;1756078200;26;True;;;21;datalake/01-landing/season-2025/partidas/partidas_rodada_21.json
['', '', '', '', ''];['', '', '', '', '']; ;;;;2025-08-24 20:30:00;;;;333935;0;2305;0;356;1756078200;26;True;;;21;datalake/01-landing/season-2025/partidas/partidas_rodada_21.json
['', '', '', '', ''];['', '', '', '', '']; ;;;;2025-08-24 20:30:00;;;;333936;0;263;0;286;1756078200;26;True;;;21;datalake/01-landing/season-2025/partidas/partidas_rodada_21.json
['', '', '', '', ''];['', '', '', '', '']; ;;;;2025-11-30 20:30:00;;;;334157;0;2305;0;266;1764545400;26;True;;;32;datalake/01-landing/season-2025/partidas/partidas_rodada_32.json
['', '', '', '', ''];['', '', '', '', '']; ;;;;2025-11-30 20:30:00;;;;334158;0;267;0;263;1764545400;26;True;;;32;datalake/01-landing/season-2025/partidas/partidas_rodada_32.json
['', '', '', '', ''];['', '', '', '', '']; ;;;;2025-11-30 20:30:00;;;;334159;0;277;0;275;1764545400;26;True;;;32;datalake/01-landing/season-2025/partidas/partidas_rodada_32.json
['', '', '', '', ''];['', '', '', '', '']; ;;;;2025-11-30 20:30:00;;;;334160;0;262;0;276;1764545400;26;True;;;32;datalake/01-landing/season-2025/partidas/partidas_rodada_32.json
['', '', '', '', ''];['', '', '', '', '']; ;;;;2025-11-30 20:30:00;;;;334161;0;264;0;280;1764545400;26;True;;;32;datalake/01-landing/season-2025/partidas/partidas_rodada_32.json
['', '', '', '', ''];['', '', '', '', '']; ;;;;2025-11-30 20:30:00;;;;334162;0;265;0;282;1764545400;26;True;;;32;datalake/01-landing/season-2025/partidas/partidas_rodada_32.json
['', '', '', '', ''];['', '', '', '', '']; ;;;;2025-11-30 20:30:00;;;;334163;0;283;0;284;1764545400;26;True;;;32;datalake/01-landing/season-2025/partidas/partidas_rodada_32.json
['', '', '', '', ''];['', '', '', '', '']; ;;;;2025-11-30 20:30:00;;;;334164;0;285;0;287;1764545400;26;True;;;32;datalake/01-landing/season-2025/partidas/partidas_rodada_32.json
['', '', '', '', ''];['', '', '', '', '']; ;;;;2025-11-30 20:30:00;;;;334165;0;356;0;354;1764545400;26;True;;;32;datalake/01-landing/season-2025/partidas/partidas_rodada_32.json
['', '', '', '', ''];['', '', '', '', '']; ;;;;2025-11-30 20:30:00;;;;334166;0;286;0;292;1764545400;26;True;;;32;datalake/01-landing/season-2025/partidas/partidas_rodada_32.json
['', '', '', '', ''];['', '', '', '', '']; ;;;;2025-10-16 20:30:00;;;;334207;0;282;0;266;1760657400;26;True;;;27;datalake/01-landing/season-2025/partidas/partidas_rodada_27.json
['', '', '', '', ''];['', '', '', '', '']; ;;;;2025-10-16 20:30:00;;;;334208;0;287;0;267;1760657400;26;True;;;27;datalake/01-landing/season-2025/partidas/partidas_rodada_27.json
['', '', '', '', ''];['', '', '', '', '']; ;;;;2025-10-16 20:30:00;;;;334209;0;2305;0;264;1760657400;26;True;;;27;datalake/01-landing/season-2025/partidas/partidas_rodada_27.json
['', '', '', '', ''];['', '', '', '', '']; ;;;;2025-10-16 20:30:00;;;;334210;0;275;0;276;1760657400;26;True;;;27;datalake/01-landing/season-2025/partidas/partidas_rodada_27.json
['', '', '', '', ''];['', '', '', '', '']; ;;;;2025-10-16 20:30:00;;;;334211;0;284;0;280;1760657400;26;True;;;27;datalake/01-landing/season-2025/partidas/partidas_rodada_27.json
['', '', '', '', ''];['', '', '', '', '']; ;;;;2025-10-16 20:30:00;;;;334212;0;292;0;283;1760657400;26;True;;;27;datalake/01-landing/season-2025/partidas/partidas_rodada_27.json
['', '', '', '', ''];['', '', '', '', '']; ;;;;2025-10-16 20:30:00;;;;334213;0;263;0;285;1760657400;26;True;;;27;datalake/01-landing/season-2025/partidas/partidas_rodada_27.json
['', '', '', '', ''];['', '', '', '', '']; ;;;;2025-10-16 20:30:00;;;;334214;0;262;0;265;1760657400;26;True;;;27;datalake/01-landing/season-2025/partidas/partidas_rodada_27.json
['', '', '', '', ''];['', '', '', '', '']; ;;;;2025-10-16 20:30:00;;;;334215;0;277;0;354;1760657400;26;True;;;27;datalake/01-landing/season-2025/partidas/partidas_rodada_27.json
['', '', '', '', ''];['', '', '', '', '']; ;;;;2025-10-16 20:30:00;;;;334216;0;356;0;286;1760657400;26;True;;;27;datalake/01-landing/season-2025/partidas/partidas_rodada_27.json
['', '', '', '', ''];['', '', '', '', '']; ;;;;2025-10-26 20:30:00;;;;334217;0;286;0;266;1761521400;26;True;;;28;datalake/01-landing/season-2025/partidas/partidas_rodada_28.json
['', '', '', '', ''];['', '', '', '', '']; ;;;;2025-10-26 20:30:00;;;;334218;0;262;0;263;1761521400;26;True;;;28;datalake/01-landing/season-2025/partidas/partidas_rodada_28.json
['', '', '', '', ''];['', '', '', '', '']; ;;;;2025-10-26 20:30:00;;;;334219;0;280;0;275;1761521400;26;True;;;28;datalake/01-landing/season-2025/partidas/partidas_rodada_28.json
['', '', '', '', ''];['', '', '', '', '']; ;;;;2025-10-26 20:30:00;;;;334220;0;264;0;277;1761521400;26;True;;;28;datalake/01-landing/season-2025/partidas/partidas_rodada_28.json
['', '', '', '', ''];['', '', '', '', '']; ;;;;2025-10-26 20:30:00;;;;334221;0;285;0;2305;1761521400;26;True;;;28;datalake/01-landing/season-2025/partidas/partidas_rodada_28.json
['', '', '', '', ''];['', '', '', '', '']; ;;;;2025-10-26 20:30:00;;;;334222;0;283;0;282;1761521400;26;True;;;28;datalake/01-landing/season-2025/partidas/partidas_rodada_28.json
['', '', '', '', ''];['', '', '', '', '']; ;;;;2025-10-26 20:30:00;;;;334223;0;276;0;284;1761521400;26;True;;;28;datalake/01-landing/season-2025/partidas/partidas_rodada_28.json
['', '', '', '', ''];['', '', '', '', '']; ;;;;2025-10-26 20:30:00;;;;334224;0;265;0;287;1761521400;26;True;;;28;datalake/01-landing/season-2025/partidas/partidas_rodada_28.json
['', '', '', '', ''];['', '', '', '', '']; ;;;;2025-10-26 20:30:00;;;;334225;0;267;0;356;1761521400;26;True;;;28;datalake/01-landing/season-2025/partidas/partidas_rodada_28.json
['', '', '', '', ''];['', '', '', '', '']; ;;;;2025-10-26 20:30:00;;;;334226;0;354;0;292;1761521400;26;True;;;28;datalake/01-landing/season-2025/partidas/partidas_rodada_28.json
['d', 'v', 'v', 'v', 'e'];['v', 'v', 'd', 'v', 'e'];Maracanã;;;;2025-05-10 21:00:00;;0;1;334035;6;265;2;262;1746921600;26;True;saiba como foi;https://ge.globo.com/rj/futebol/brasileirao-serie-a/jogo/10-05-2025/flamengo-bahia.ghtml?utm_source=cartolafc;08;datalake/01-landing/season-2025/partidas/partidas_rodada_08.json
['d', 'd', 'v', 'v', 'e'];['v', 'v', 'v', 'e', 'v'];Nilton Santos (Engenhão);;;;2025-05-11 20:00:00;;0;4;334036;12;285;5;263;1747004400;26;True;saiba como foi;https://ge.globo.com/rj/futebol/brasileirao-serie-a/jogo/11-05-2025/botafogo-internacional.ghtml?utm_source=cartolafc;08;datalake/01-landing/season-2025/partidas/partidas_rodada_08.json
['d', 'd', 'd', 'e', 'v'];['d', 'd', 'e', 'v', 'e'];Arena Barueri;;;;2025-05-11 17:30:00;;0;1;334038;14;276;4;275;1746995400;26;True;saiba como foi;https://ge.globo.com/sp/futebol/brasileirao-serie-a/jogo/11-05-2025/palmeiras-sao-paulo.ghtml?utm_source=cartolafc;08;datalake/01-landing/season-2025/partidas/partidas_rodada_08.json
['d', 'v', 'd', 'd', 'e'];['d', 'v', 'v', 'd', 'e'];Allianz Parque;;;;2025-05-12 20:00:00;;0;0;334040;11;354;17;277;1747090800;26;True;saiba como foi;https://ge.globo.com/sp/santos-e-regiao/futebol/brasileirao-serie-a/jogo/12-05-2025/santos-ceara.ghtml?utm_source=cartolafc;08;datalake/01-landing/season-2025/partidas/partidas_rodada_08.json
['e', 'd', 'v', 'd', 'e'];['v', 'v', 'e', 'v', 'e'];Maião;;;;2025-05-10 18:30:00;;1;2;334041;10;264;7;2305;1746912600;26;True;saiba como foi;https://ge.globo.com/sp/tem-esporte/futebol/brasileirao-serie-a/jogo/10-05-2025/mirassol-corinthians.ghtml?utm_source=cartolafc;08;datalake/01-landing/season-2025/partidas/partidas_rodada_08.json
['v', 'v', 'd', 'd', 'e'];['e', 'v', 'v', 'd', 'd'];Arena MRV;;;;2025-05-11 17:30:00;;2;3;334042;8;266;9;282;1746995400;26;True;saiba como foi;https://ge.globo.com/mg/futebol/brasileirao-serie-a/jogo/11-05-2025/atletico-mg-fluminense.ghtml?utm_source=cartolafc;08;datalake/01-landing/season-2025/partidas/partidas_rodada_08.json
['d', 'v', 'e', 'd', 'e'];['v', 'v', 'e', 'd', 'e'];Arena do Grêmio;;;;2025-05-10 18:30:00;;1;1;334043;3;280;13;284;1746912600;26;True;saiba como foi;https://ge.globo.com/rs/futebol/brasileirao-serie-a/jogo/10-05-2025/gremio-bragantino.ghtml?utm_source=cartolafc;08;datalake/01-landing/season-2025/partidas/partidas_rodada_08.json
['d', 'd', 'v', 'd', 'e'];['e', 'd', 'e', 'v', 'e'];Barradão;;;;2025-05-10 18:30:00;;1;2;334044;16;267;15;287;1746912600;26;True;saiba como foi;https://ge.globo.com/ba/futebol/brasileirao-serie-a/jogo/10-05-2025/vitoria-vasco.ghtml?utm_source=cartolafc;08;datalake/01-landing/season-2025/partidas/partidas_rodada_08.json
['e', 'd', 'd', 'v', 'd'];['d', 'd', 'd', 'd', 'e'];Presidente Vargas (CE);;;;2025-05-10 16:00:00;;0;5;334045;18;286;19;356;1746903600;26;True;saiba como foi;https://ge.globo.com/ce/futebol/brasileirao-serie-a/jogo/10-05-2025/fortaleza-juventude.ghtml?utm_source=cartolafc;08;datalake/01-landing/season-2025/partidas/partidas_rodada_08.json
['e', 'v', 'v', 'v', 'e'];['e', 'd', 'd', 'd', 'e'];Ilha do Retiro;;;;2025-05-11 16:00:00;;4;0;334046;1;283;20;292;1746990000;26;True;saiba como foi;https://ge.globo.com/pe/futebol/brasileirao-serie-a/jogo/11-05-2025/sport-cruzeiro.ghtml?utm_source=cartolafc;08;datalake/01-landing/season-2025/partidas/partidas_rodada_08.json
['', '', '', '', ''];['', '', '', '', '']; ;;;;2025-11-09 20:30:00;;;;334227;0;275;0;262;1762731000;26;True;;;29;datalake/01-landing/season-2025/partidas/partidas_rodada_29.json
['', '', '', '', ''];['', '', '', '', '']; ;;;;2025-11-09 20:30:00;;;;334228;0;266;0;267;1762731000;26;True;;;29;datalake/01-landing/season-2025/partidas/partidas_rodada_29.json
['', '', '', '', ''];['', '', '', '', '']; ;;;;2025-11-09 20:30:00;;;;334229;0;282;0;264;1762731000;26;True;;;29;datalake/01-landing/season-2025/partidas/partidas_rodada_29.json
['', '', '', '', ''];['', '', '', '', '']; ;;;;2025-11-09 20:30:00;;;;334230;0;287;0;277;1762731000;26;True;;;29;datalake/01-landing/season-2025/partidas/partidas_rodada_29.json
['', '', '', '', ''];['', '', '', '', '']; ;;;;2025-11-09 20:30:00;;;;334231;0;276;0;2305;1762731000;26;True;;;29;datalake/01-landing/season-2025/partidas/partidas_rodada_29.json
['', '', '', '', ''];['', '', '', '', '']; ;;;;2025-11-09 20:30:00;;;;334232;0;356;0;283;1762731000;26;True;;;29;datalake/01-landing/season-2025/partidas/partidas_rodada_29.json
['', '', '', '', ''];['', '', '', '', '']; ;;;;2025-11-09 20:30:00;;;;334233;0;292;0;285;1762731000;26;True;;;29;datalake/01-landing/season-2025/partidas/partidas_rodada_29.json
['', '', '', '', ''];['', '', '', '', '']; ;;;;2025-11-09 20:30:00;;;;334234;0;284;0;265;1762731000;26;True;;;29;datalake/01-landing/season-2025/partidas/partidas_rodada_29.json
['', '', '', '', ''];['', '', '', '', '']; ;;;;2025-11-09 20:30:00;;;;334235;0;263;0;354;1762731000;26;True;;;29;datalake/01-landing/season-2025/partidas/partidas_rodada_29.json
['', '', '', '', ''];['', '', '', '', '']; ;;;;2025-11-09 20:30:00;;;;334236;0;280;0;286;1762731000;26;True;;;29;datalake/01-landing/season-2025/partidas/partidas_rodada_29.json
['', '', '', '', ''];['', '', '', '', '']; ;;;;2025-09-28 20:30:00;;;;334147;0;263;0;266;1759102200;26;True;;;25;datalake/01-landing/season-2025/partidas/partidas_rodada_25.json
['', '', '', '', ''];['', '', '', '', '']; ;;;;2025-09-28 20:30:00;;;;334148;0;283;0;267;1759102200;26;True;;;25;datalake/01-landing/season-2025/partidas/partidas_rodada_25.json
['', '', '', '', ''];['', '', '', '', '']; ;;;;2025-09-28 20:30:00;;;;334149;0;262;0;264;1759102200;26;True;;;25;datalake/01-landing/season-2025/partidas/partidas_rodada_25.json
['', '', '', '', ''];['', '', '', '', '']; ;;;;2025-09-28 20:30:00;;;;334150;0;354;0;276;1759102200;26;True;;;25;datalake/01-landing/season-2025/partidas/partidas_rodada_25.json
['', '', '', '', ''];['', '', '', '', '']; ;;;;2025-09-28 20:30:00;;;;334151;0;277;0;280;1759102200;26;True;;;25;datalake/01-landing/season-2025/partidas/partidas_rodada_25.json
['', '', '', '', ''];['', '', '', '', '']; ;;;;2025-09-28 20:30:00;;;;334152;0;2305;0;282;1759102200;26;True;;;25;datalake/01-landing/season-2025/partidas/partidas_rodada_25.json
['', '', '', '', ''];['', '', '', '', '']; ;;;;2025-09-28 20:30:00;;;;334153;0;287;0;284;1759102200;26;True;;;25;datalake/01-landing/season-2025/partidas/partidas_rodada_25.json
['', '', '', '', ''];['', '', '', '', '']; ;;;;2025-09-28 20:30:00;;;;334154;0;275;0;265;1759102200;26;True;;;25;datalake/01-landing/season-2025/partidas/partidas_rodada_25.json
['', '', '', '', ''];['', '', '', '', '']; ;;;;2025-09-28 20:30:00;;;;334155;0;292;0;356;1759102200;26;True;;;25;datalake/01-landing/season-2025/partidas/partidas_rodada_25.json
['', '', '', '', ''];['', '', '', '', '']; ;;;;2025-09-28 20:30:00;;;;334156;0;285;0;286;1759102200;26;True;;;25;datalake/01-landing/season-2025/partidas/partidas_rodada_25.json
['', '', '', '', ''];['', '', '', '', '']; ;;;;2025-12-03 20:30:00;;;;334128;0;277;0;262;1764804600;26;True;;;33;datalake/01-landing/season-2025/partidas/partidas_rodada_33.json
['', '', '', '', ''];['', '', '', '', '']; ;;;;2025-12-03 20:30:00;;;;334130;0;286;0;267;1764804600;26;True;;;33;datalake/01-landing/season-2025/partidas/partidas_rodada_33.json
['', '', '', '', ''];['', '', '', '', '']; ;;;;2025-12-03 20:30:00;;;;334132;0;354;0;264;1764804600;26;True;;;33;datalake/01-landing/season-2025/partidas/partidas_rodada_33.json
['', '', '', '', ''];['', '', '', '', '']; ;;;;2025-12-03 20:30:00;;;;334134;0;280;0;276;1764804600;26;True;;;33;datalake/01-landing/season-2025/partidas/partidas_rodada_33.json
['', '', '', '', ''];['', '', '', '', '']; ;;;;2025-12-03 20:30:00;;;;334136;0;275;0;2305;1764804600;26;True;;;33;datalake/01-landing/season-2025/partidas/partidas_rodada_33.json
['', '', '', '', ''];['', '', '', '', '']; ;;;;2025-12-03 20:30:00;;;;334139;0;266;0;283;1764804600;26;True;;;33;datalake/01-landing/season-2025/partidas/partidas_rodada_33.json
['', '', '', '', ''];['', '', '', '', '']; ;;;;2025-12-03 20:30:00;;;;334141;0;265;0;285;1764804600;26;True;;;33;datalake/01-landing/season-2025/partidas/partidas_rodada_33.json
['', '', '', '', ''];['', '', '', '', '']; ;;;;2025-12-03 20:30:00;;;;334142;0;263;0;287;1764804600;26;True;;;33;datalake/01-landing/season-2025/partidas/partidas_rodada_33.json
['', '', '', '', ''];['', '', '', '', '']; ;;;;2025-12-03 20:30:00;;;;334144;0;284;0;356;1764804600;26;True;;;33;datalake/01-landing/season-2025/partidas/partidas_rodada_33.json
['', '', '', '', ''];['', '', '', '', '']; ;;;;2025-12-03 20:30:00;;;;334146;0;282;0;292;1764804600;26;True;;;33;datalake/01-landing/season-2025/partidas/partidas_rodada_33.json
['', '', '', '', ''];['', '', '', '', '']; ;;;;2025-12-07 20:30:00;;;;334117;0;262;0;266;1765150200;26;True;;;34;datalake/01-landing/season-2025/partidas/partidas_rodada_34.json
['', '', '', '', ''];['', '', '', '', '']; ;;;;2025-12-07 20:30:00;;;;334118;0;292;0;263;1765150200;26;True;;;34;datalake/01-landing/season-2025/partidas/partidas_rodada_34.json
['', '', '', '', ''];['', '', '', '', '']; ;;;;2025-12-07 20:30:00;;;;334119;0;276;0;264;1765150200;26;True;;;34;datalake/01-landing/season-2025/partidas/partidas_rodada_34.json
['', '', '', '', ''];['', '', '', '', '']; ;;;;2025-12-07 20:30:00;;;;334120;0;2305;0;277;1765150200;26;True;;;34;datalake/01-landing/season-2025/partidas/partidas_rodada_34.json
['', '', '', '', ''];['', '', '', '', '']; ;;;;2025-12-07 20:30:00;;;;334121;0;287;0;280;1765150200;26;True;;;34;datalake/01-landing/season-2025/partidas/partidas_rodada_34.json
['', '', '', '', ''];['', '', '', '', '']; ;;;;2025-12-07 20:30:00;;;;334122;0;275;0;282;1765150200;26;True;;;34;datalake/01-landing/season-2025/partidas/partidas_rodada_34.json
['', '', '', '', ''];['', '', '', '', '']; ;;;;2025-12-07 20:30:00;;;;334123;0;267;0;284;1765150200;26;True;;;34;datalake/01-landing/season-2025/partidas/partidas_rodada_34.json
['', '', '', '', ''];['', '', '', '', '']; ;;;;2025-12-07 20:30:00;;;;334124;0;356;0;265;1765150200;26;True;;;34;datalake/01-landing/season-2025/partidas/partidas_rodada_34.json
['', '', '', '', ''];['', '', '', '', '']; ;;;;2025-12-07 20:30:00;;;;334125;0;285;0;354;1765150200;26;True;;;34;datalake/01-landing/season-2025/partidas/partidas_rodada_34.json
['', '', '', '', ''];['', '', '', '', '']; ;;;;2025-12-07 20:30:00;;;;334126;0;283;0;286;1765150200;26;True;;;34;datalake/01-landing/season-2025/partidas/partidas_rodada_34.json
['e', 'd', 'e', 'v', 'e'];['v', 'v', 'd', 'd', 'e'];Maracanã;;;;2025-04-20 18:30:00;;1;1;333937;15;287;8;266;1745184600;26;True;saiba como foi;https://ge.globo.com/futebol/brasileirao-serie-a/jogo/20-04-2025/fluminense-vitoria.ghtml?utm_source=cartolafc;05;datalake/01-landing/season-2025/partidas/partidas_rodada_05.json
['v', 'v', 'd', 'v', 'e'];['d', 'd', 'v', 'd', 'e'];Maracanã;;;;2025-04-19 18:30:00;;0;0;333938;2;262;16;267;1745098200;26;True;saiba como foi;https://ge.globo.com/futebol/brasileirao-serie-a/jogo/19-04-2025/vasco-flamengo.ghtml?utm_source=cartolafc;05;datalake/01-landing/season-2025/partidas/partidas_rodada_05.json
['e', 'd', 'd', 'd', 'e'];['e', 'd', 'v', 'd', 'e'];Neo Química Arena;;;;2025-04-19 16:00:00;;1;2;333939;20;292;10;264;1745089200;26;True;saiba como foi;https://ge.globo.com/sp/futebol/brasileirao-serie-a/jogo/19-04-2025/corinthians-sport.ghtml?utm_source=cartolafc;05;datalake/01-landing/season-2025/partidas/partidas_rodada_05.json
['d', 'v', 'v', 'd', 'e'];['d', 'd', 'd', 'e', 'v'];Morumbis;;;;2025-04-20 16:00:00;;1;2;333940;17;277;14;276;1745175600;26;True;saiba como foi;https://ge.globo.com/sp/futebol/brasileirao-serie-a/jogo/20-04-2025/sao-paulo-santos.ghtml?utm_source=cartolafc;05;datalake/01-landing/season-2025/partidas/partidas_rodada_05.json
['e', 'v', 'v', 'v', 'e'];['d', 'v', 'e', 'd', 'e'];Nabi Abi Chedid;;;;2025-04-20 20:30:00;;0;1;333941;1;283;3;280;1745191800;26;True;saiba como foi;https://ge.globo.com/sp/vale-do-paraiba-regiao/futebol/brasileirao-serie-a/jogo/20-04-2025/bragantino-cruzeiro.ghtml?utm_source=cartolafc;05;datalake/01-landing/season-2025/partidas/partidas_rodada_05.json
['v', 'v', 'v', 'e', 'v'];['e', 'v', 'v', 'd', 'd'];Mineirão;;;;2025-04-20 16:00:00;;0;1;333942;5;263;9;282;1745175600;26;True;saiba como foi;https://ge.globo.com/mg/futebol/brasileirao-serie-a/jogo/20-04-2025/atletico-mg-botafogo.ghtml?utm_source=cartolafc;05;datalake/01-landing/season-2025/partidas/partidas_rodada_05.json
['d', 'd', 'v', 'v', 'e'];['v', 'v', 'e', 'd', 'e'];Arena do Grêmio;;;;2025-04-19 21:00:00;;1;1;333943;12;285;13;284;1745107200;26;True;saiba como foi;https://ge.globo.com/rs/futebol/brasileirao-serie-a/jogo/19-04-2025/gremio-internacional.ghtml?utm_source=cartolafc;05;datalake/01-landing/season-2025/partidas/partidas_rodada_05.json
['d', 'v', 'd', 'd', 'e'];['d', 'v', 'v', 'v', 'e'];Casa de Apostas Arena Fonte Nova;;;;2025-04-21 20:00:00;;0;1;333944;11;354;6;265;1745276400;26;True;saiba como foi;https://ge.globo.com/ba/futebol/brasileirao-serie-a/jogo/21-04-2025/bahia-ceara.ghtml?utm_source=cartolafc;05;datalake/01-landing/season-2025/partidas/partidas_rodada_05.json
['d', 'd', 'e', 'v', 'e'];['d', 'd', 'd', 'd', 'e'];Castelão (CE);;;;2025-04-20 18:30:00;;2;1;333945;4;275;19;356;1745184600;26;True;saiba como foi;https://ge.globo.com/ce/futebol/brasileirao-serie-a/jogo/20-04-2025/fortaleza-palmeiras.ghtml?utm_source=cartolafc;05;datalake/01-landing/season-2025/partidas/partidas_rodada_05.json
['v', 'v', 'e', 'v', 'e'];['e', 'd', 'd', 'v', 'd'];Alfredo Jaconi;;;;2025-04-20 11:00:00;;2;2;333946;7;2305;18;286;1745157600;26;True;saiba como foi;https://ge.globo.com/rs/futebol/brasileirao-serie-a/jogo/20-04-2025/juventude-mirassol.ghtml?utm_source=cartolafc;05;datalake/01-landing/season-2025/partidas/partidas_rodada_05.json
['', '', '', '', ''];['', '', '', '', '']; ;;;;2025-12-21 20:30:00;;;;333947;0;265;0;266;1766359800;26;True;;;38;datalake/01-landing/season-2025/partidas/partidas_rodada_38.json
['', '', '', '', ''];['', '', '', '', '']; ;;;;2025-12-21 20:30:00;;;;333948;0;356;0;263;1766359800;26;True;;;38;datalake/01-landing/season-2025/partidas/partidas_rodada_38.json
['', '', '', '', ''];['', '', '', '', '']; ;;;;2025-12-21 20:30:00;;;;333949;0;286;0;264;1766359800;26;True;;;38;datalake/01-landing/season-2025/partidas/partidas_rodada_38.json
['', '', '', '', ''];['', '', '', '', '']; ;;;;2025-12-21 20:30:00;;;;333950;0;283;0;277;1766359800;26;True;;;38;datalake/01-landing/season-2025/partidas/partidas_rodada_38.json
['', '', '', '', ''];['', '', '', '', '']; ;;;;2025-12-21 20:30:00;;;;333951;0;262;0;2305;1766359800;26;True;;;38;datalake/01-landing/season-2025/partidas/partidas_rodada_38.json
['', '', '', '', ''];['', '', '', '', '']; ;;;;2025-12-21 20:30:00;;;;333952;0;267;0;282;1766359800;26;True;;;38;datalake/01-landing/season-2025/partidas/partidas_rodada_38.json
['', '', '', '', ''];['', '', '', '', '']; ;;;;2025-12-21 20:30:00;;;;333953;0;280;0;285;1766359800;26;True;;;38;datalake/01-landing/season-2025/partidas/partidas_rodada_38.json
['', '', '', '', ''];['', '', '', '', '']; ;;;;2025-12-21 20:30:00;;;;333954;0;276;0;287;1766359800;26;True;;;38;datalake/01-landing/season-2025/partidas/partidas_rodada_38.json
['', '', '', '', ''];['', '', '', '', '']; ;;;;2025-12-21 20:30:00;;;;333955;0;275;0;354;1766359800;26;True;;;38;datalake/01-landing/season-2025/partidas/partidas_rodada_38.json
['', '', '', '', ''];['', '', '', '', '']; ;;;;2025-12-21 20:30:00;;;;333956;0;284;0;292;1766359800;26;True;;;38;datalake/01-landing/season-2025/partidas/partidas_rodada_38.json
['', '', '', '', ''];['', '', '', '', '']; ;;;;2025-09-14 20:30:00;;;;334047;0;264;0;266;1757892600;26;True;;;23;datalake/01-landing/season-2025/partidas/partidas_rodada_23.json
['', '', '', '', ''];['', '', '', '', '']; ;;;;2025-09-14 20:30:00;;;;334048;0;354;0;267;1757892600;26;True;;;23;datalake/01-landing/season-2025/partidas/partidas_rodada_23.json
['', '', '', '', ''];['', '', '', '', '']; ;;;;2025-09-14 20:30:00;;;;334049;0;285;0;275;1757892600;26;True;;;23;datalake/01-landing/season-2025/partidas/partidas_rodada_23.json
['', '', '', '', ''];['', '', '', '', '']; ;;;;2025-09-14 20:30:00;;;;334050;0;263;0;276;1757892600;26;True;;;23;datalake/01-landing/season-2025/partidas/partidas_rodada_23.json
['', '', '', '', ''];['', '', '', '', '']; ;;;;2025-09-14 20:30:00;;;;334051;0;292;0;280;1757892600;26;True;;;23;datalake/01-landing/season-2025/partidas/partidas_rodada_23.json
['', '', '', '', ''];['', '', '', '', '']; ;;;;2025-09-14 20:30:00;;;;334052;0;277;0;282;1757892600;26;True;;;23;datalake/01-landing/season-2025/partidas/partidas_rodada_23.json
['', '', '', '', ''];['', '', '', '', '']; ;;;;2025-09-14 20:30:00;;;;334053;0;2305;0;284;1757892600;26;True;;;23;datalake/01-landing/season-2025/partidas/partidas_rodada_23.json
['', '', '', '', ''];['', '', '', '', '']; ;;;;2025-09-14 20:30:00;;;;334054;0;283;0;265;1757892600;26;True;;;23;datalake/01-landing/season-2025/partidas/partidas_rodada_23.json
['', '', '', '', ''];['', '', '', '', '']; ;;;;2025-09-14 20:30:00;;;;334055;0;287;0;356;1757892600;26;True;;;23;datalake/01-landing/season-2025/partidas/partidas_rodada_23.json
['', '', '', '', ''];['', '', '', '', '']; ;;;;2025-09-14 20:30:00;;;;334056;0;262;0;286;1757892600;26;True;;;23;datalake/01-landing/season-2025/partidas/partidas_rodada_23.json
['', '', '', '', ''];['', '', '', '', '']; ;;;;2025-12-17 20:30:00;;;;333987;0;354;0;262;1766014200;26;True;;;37;datalake/01-landing/season-2025/partidas/partidas_rodada_37.json
['', '', '', '', ''];['', '', '', '', '']; ;;;;2025-12-17 20:30:00;;;;333988;0;2305;0;267;1766014200;26;True;;;37;datalake/01-landing/season-2025/partidas/partidas_rodada_37.json
['', '', '', '', ''];['', '', '', '', '']; ;;;;2025-12-17 20:30:00;;;;333989;0;287;0;275;1766014200;26;True;;;37;datalake/01-landing/season-2025/partidas/partidas_rodada_37.json
['', '', '', '', ''];['', '', '', '', '']; ;;;;2025-12-17 20:30:00;;;;333990;0;285;0;276;1766014200;26;True;;;37;datalake/01-landing/season-2025/partidas/partidas_rodada_37.json
['', '', '', '', ''];['', '', '', '', '']; ;;;;2025-12-17 20:30:00;;;;333991;0;282;0;280;1766014200;26;True;;;37;datalake/01-landing/season-2025/partidas/partidas_rodada_37.json
['', '', '', '', ''];['', '', '', '', '']; ;;;;2025-12-17 20:30:00;;;;333992;0;263;0;283;1766014200;26;True;;;37;datalake/01-landing/season-2025/partidas/partidas_rodada_37.json
['', '', '', '', ''];['', '', '', '', '']; ;;;;2025-12-17 20:30:00;;;;333993;0;266;0;284;1766014200;26;True;;;37;datalake/01-landing/season-2025/partidas/partidas_rodada_37.json
['', '', '', '', ''];['', '', '', '', '']; ;;;;2025-12-17 20:30:00;;;;333994;0;292;0;265;1766014200;26;True;;;37;datalake/01-landing/season-2025/partidas/partidas_rodada_37.json
['', '', '', '', ''];['', '', '', '', '']; ;;;;2025-12-17 20:30:00;;;;333995;0;264;0;356;1766014200;26;True;;;37;datalake/01-landing/season-2025/partidas/partidas_rodada_37.json
['', '', '', '', ''];['', '', '', '', '']; ;;;;2025-12-17 20:30:00;;;;333996;0;277;0;286;1766014200;26;True;;;37;datalake/01-landing/season-2025/partidas/partidas_rodada_37.json
['', '', '', '', ''];['', '', '', '', '']; ;;;;2025-11-19 20:30:00;;;;334237;0;285;0;266;1763595000;26;True;;;30;datalake/01-landing/season-2025/partidas/partidas_rodada_30.json
['', '', '', '', ''];['', '', '', '', '']; ;;;;2025-11-19 20:30:00;;;;334238;0;277;0;263;1763595000;26;True;;;30;datalake/01-landing/season-2025/partidas/partidas_rodada_30.json
['', '', '', '', ''];['', '', '', '', '']; ;;;;2025-11-19 20:30:00;;;;334239;0;283;0;275;1763595000;26;True;;;30;datalake/01-landing/season-2025/partidas/partidas_rodada_30.json
['', '', '', '', ''];['', '', '', '', '']; ;;;;2025-11-19 20:30:00;;;;334240;0;265;0;276;1763595000;26;True;;;30;datalake/01-landing/season-2025/partidas/partidas_rodada_30.json
['', '', '', '', ''];['', '', '', '', '']; ;;;;2025-11-19 20:30:00;;;;334241;0;267;0;280;1763595000;26;True;;;30;datalake/01-landing/season-2025/partidas/partidas_rodada_30.json
['', '', '', '', ''];['', '', '', '', '']; ;;;;2025-11-19 20:30:00;;;;334242;0;354;0;282;1763595000;26;True;;;30;datalake/01-landing/season-2025/partidas/partidas_rodada_30.json
['', '', '', '', ''];['', '', '', '', '']; ;;;;2025-11-19 20:30:00;;;;334243;0;286;0;284;1763595000;26;True;;;30;datalake/01-landing/season-2025/partidas/partidas_rodada_30.json
['', '', '', '', ''];['', '', '', '', '']; ;;;;2025-11-19 20:30:00;;;;334244;0;264;0;287;1763595000;26;True;;;30;datalake/01-landing/season-2025/partidas/partidas_rodada_30.json
['', '', '', '', ''];['', '', '', '', '']; ;;;;2025-11-19 20:30:00;;;;334245;0;262;0;356;1763595000;26;True;;;30;datalake/01-landing/season-2025/partidas/partidas_rodada_30.json
['', '', '', '', ''];['', '', '', '', '']; ;;;;2025-11-19 20:30:00;;;;334246;0;2305;0;292;1763595000;26;True;;;30;datalake/01-landing/season-2025/partidas/partidas_rodada_30.json
['', '', '', '', ''];['', '', '', '', '']; ;;;;2025-08-31 20:30:00;;;;333977;0;284;0;262;1756683000;26;True;;;22;datalake/01-landing/season-2025/partidas/partidas_rodada_22.json
['', '', '', '', ''];['', '', '', '', '']; ;;;;2025-08-31 20:30:00;;;;333978;0;280;0;263;1756683000;26;True;;;22;datalake/01-landing/season-2025/partidas/partidas_rodada_22.json
['', '', '', '', ''];['', '', '', '', '']; ;;;;2025-08-31 20:30:00;;;;333979;0;275;0;264;1756683000;26;True;;;22;datalake/01-landing/season-2025/partidas/partidas_rodada_22.json
['', '', '', '', ''];['', '', '', '', '']; ;;;;2025-08-31 20:30:00;;;;333980;0;266;0;277;1756683000;26;True;;;22;datalake/01-landing/season-2025/partidas/partidas_rodada_22.json
['', '', '', '', ''];['', '', '', '', '']; ;;;;2025-08-31 20:30:00;;;;333981;0;265;0;2305;1756683000;26;True;;;22;datalake/01-landing/season-2025/partidas/partidas_rodada_22.json
['', '', '', '', ''];['', '', '', '', '']; ;;;;2025-08-31 20:30:00;;;;333982;0;276;0;283;1756683000;26;True;;;22;datalake/01-landing/season-2025/partidas/partidas_rodada_22.json
['', '', '', '', ''];['', '', '', '', '']; ;;;;2025-08-31 20:30:00;;;;333983;0;356;0;285;1756683000;26;True;;;22;datalake/01-landing/season-2025/partidas/partidas_rodada_22.json
['', '', '', '', ''];['', '', '', '', '']; ;;;;2025-08-31 20:30:00;;;;333984;0;282;0;287;1756683000;26;True;;;22;datalake/01-landing/season-2025/partidas/partidas_rodada_22.json
['', '', '', '', ''];['', '', '', '', '']; ;;;;2025-08-31 20:30:00;;;;333985;0;286;0;354;1756683000;26;True;;;22;datalake/01-landing/season-2025/partidas/partidas_rodada_22.json
['', '', '', '', ''];['', '', '', '', '']; ;;;;2025-08-31 20:30:00;;;;333986;0;267;0;292;1756683000;26;True;;;22;datalake/01-landing/season-2025/partidas/partidas_rodada_22.json
['d', 'v', 'v', 'd', 'e'];['v', 'v', 'd', 'd', 'e'];Maracanã;;;;2025-04-13 19:30:00;;0;1;333897;17;277;8;266;1744583400;26;True;saiba como foi;https://ge.globo.com/rj/futebol/brasileirao-serie-a/jogo/13-04-2025/fluminense-santos.ghtml?utm_source=cartolafc;03;datalake/01-landing/season-2025/partidas/partidas_rodada_03.json
['e', 'd', 'd', 'd', 'e'];['d', 'd', 'v', 'd', 'e'];São Januário;;;;2025-04-12 21:00:00;;1;3;333898;20;292;16;267;1744502400;26;True;saiba como foi;https://ge.globo.com/rj/futebol/brasileirao-serie-a/jogo/12-04-2025/vasco-sport.ghtml?utm_source=cartolafc;03;datalake/01-landing/season-2025/partidas/partidas_rodada_03.json
['e', 'd', 'v', 'd', 'e'];['d', 'd', 'e', 'v', 'e'];Arena Barueri;;;;2025-04-12 18:30:00;;0;2;333899;10;264;4;275;1744493400;26;True;saiba como foi;https://ge.globo.com/sp/futebol/brasileirao-serie-a/jogo/12-04-2025/palmeiras-corinthians.ghtml?utm_source=cartolafc;03;datalake/01-landing/season-2025/partidas/partidas_rodada_03.json
['e', 'v', 'v', 'v', 'e'];['d', 'd', 'd', 'e', 'v'];Morumbis;;;;2025-04-13 17:30:00;;1;1;333900;1;283;14;276;1744576200;26;True;saiba como foi;https://ge.globo.com/sp/futebol/brasileirao-serie-a/jogo/13-04-2025/sao-paulo-cruzeiro.ghtml?utm_source=cartolafc;03;datalake/01-landing/season-2025/partidas/partidas_rodada_03.json
['v', 'v', 'v', 'e', 'v'];['d', 'v', 'e', 'd', 'e'];Nabi Abi Chedid;;;;2025-04-12 16:00:00;;0;1;333901;5;263;3;280;1744484400;26;True;saiba como foi;https://ge.globo.com/sp/vale-do-paraiba-regiao/futebol/brasileirao-serie-a/jogo/12-04-2025/bragantino-botafogo.ghtml?utm_source=cartolafc;03;datalake/01-landing/season-2025/partidas/partidas_rodada_03.json
['e', 'd', 'e', 'v', 'e'];['e', 'v', 'v', 'd', 'd'];Mineirão;;;;2025-04-13 20:30:00;;2;2;333902;15;287;9;282;1744587000;26;True;saiba como foi;https://ge.globo.com/mg/futebol/brasileirao-serie-a/jogo/13-04-2025/atletico-mg-vitoria.ghtml?utm_source=cartolafc;03;datalake/01-landing/season-2025/partidas/partidas_rodada_03.json
['v', 'v', 'd', 'v', 'e'];['v', 'v', 'e', 'd', 'e'];Arena do Grêmio;;;;2025-04-13 17:30:00;;2;0;333903;2;262;13;284;1744576200;26;True;saiba como foi;https://ge.globo.com/rs/futebol/brasileirao-serie-a/jogo/13-04-2025/gremio-flamengo.ghtml?utm_source=cartolafc;03;datalake/01-landing/season-2025/partidas/partidas_rodada_03.json
['v', 'v', 'e', 'v', 'e'];['d', 'v', 'v', 'v', 'e'];Casa de Apostas Arena Fonte Nova;;;;2025-04-13 16:00:00;;1;1;333904;7;2305;6;265;1744570800;26;True;saiba como foi;https://ge.globo.com/ba/futebol/brasileirao-serie-a/jogo/13-04-2025/bahia-mirassol.ghtml?utm_source=cartolafc;03;datalake/01-landing/season-2025/partidas/partidas_rodada_03.json
['d', 'd', 'v', 'v', 'e'];['d', 'd', 'd', 'd', 'e'];Castelão (CE);;;;2025-04-13 20:00:00;;0;0;333905;12;285;19;356;1744585200;26;True;saiba como foi;https://ge.globo.com/ce/futebol/brasileirao-serie-a/jogo/13-04-2025/fortaleza-internacional.ghtml?utm_source=cartolafc;03;datalake/01-landing/season-2025/partidas/partidas_rodada_03.json
['d', 'v', 'd', 'd', 'e'];['e', 'd', 'd', 'v', 'd'];Alfredo Jaconi;;;;2025-04-12 16:00:00;;1;2;333906;11;354;18;286;1744484400;26;True;saiba como foi;https://ge.globo.com/rs/futebol/brasileirao-serie-a/jogo/12-04-2025/juventude-ceara.ghtml?utm_source=cartolafc;03;datalake/01-landing/season-2025/partidas/partidas_rodada_03.json
['d', 'd', 'e', 'v', 'e'];['v', 'v', 'd', 'd', 'e'];Maracanã;;;;2025-07-23 19:00:00;;;;334067;4;275;8;266;1753308000;26;True;fique por dentro;https://ge.globo.com/rj/futebol/brasileirao-serie-a/jogo/23-07-2025/fluminense-palmeiras.ghtml?utm_source=cartolafc;16;datalake/01-landing/season-2025/partidas/partidas_rodada_16.json
['d', 'v', 'v', 'v', 'e'];['d', 'd', 'v', 'd', 'e']; São Januário;;;;2025-08-31 20:30:00;;;;334068;6;265;16;267;1756683000;26;False;;;16;datalake/01-landing/season-2025/partidas/partidas_rodada_16.json
['e', 'v', 'v', 'v', 'e'];['e', 'd', 'v', 'd', 'e'];Neo Química Arena;;;;2025-07-23 19:30:00;;;;334069;1;283;10;264;1753309800;26;True;fique por dentro;https://ge.globo.com/sp/futebol/brasileirao-serie-a/jogo/23-07-2025/corinthians-cruzeiro.ghtml?utm_source=cartolafc;16;datalake/01-landing/season-2025/partidas/partidas_rodada_16.json
['d', 'd', 'v', 'v', 'e'];['d', 'v', 'v', 'd', 'e'];Vila Belmiro;;;;2025-07-23 21:30:00;;;;334070;12;285;17;277;1753317000;26;True;fique por dentro;https://ge.globo.com/sp/santos-e-regiao/futebol/brasileirao-serie-a/jogo/23-07-2025/santos-internacional.ghtml?utm_source=cartolafc;16;datalake/01-landing/season-2025/partidas/partidas_rodada_16.json
['v', 'v', 'd', 'v', 'e'];['d', 'v', 'e', 'd', 'e'];Cícero de Souza Marques;;;;2025-07-23 21:30:00;;;;334071;2;262;3;280;1753317000;26;True;fique por dentro;https://ge.globo.com/sp/vale-do-paraiba-regiao/futebol/brasileirao-serie-a/jogo/23-07-2025/bragantino-flamengo.ghtml?utm_source=cartolafc;16;datalake/01-landing/season-2025/partidas/partidas_rodada_16.json
['d', 'd', 'd', 'd', 'e'];['e', 'v', 'v', 'd', 'd']; Arena MRV;;;;2025-08-31 20:30:00;;;;334072;19;356;9;282;1756683000;26;False;;;16;datalake/01-landing/season-2025/partidas/partidas_rodada_16.json
['v', 'v', 'v', 'e', 'v'];['v', 'v', 'e', 'd', 'e']; Arena do Grêmio;;;;2025-08-31 20:30:00;;;;334073;5;263;13;284;1756683000;26;False;;;16;datalake/01-landing/season-2025/partidas/partidas_rodada_16.json
['e', 'd', 'd', 'd', 'e'];['e', 'd', 'e', 'v', 'e'];Barradão;;;;2025-07-23 21:30:00;;;;334074;20;292;15;287;1753317000;26;True;fique por dentro;https://ge.globo.com/ba/futebol/brasileirao-serie-a/jogo/23-07-2025/vitoria-sport.ghtml?utm_source=cartolafc;16;datalake/01-landing/season-2025/partidas/partidas_rodada_16.json
['v', 'v', 'e', 'v', 'e'];['d', 'v', 'd', 'd', 'e'];Castelão (CE);;;;2025-07-23 19:00:00;;;;334075;7;2305;11;354;1753308000;26;True;fique por dentro;https://ge.globo.com/ce/futebol/brasileirao-serie-a/jogo/23-07-2025/ceara-mirassol.ghtml?utm_source=cartolafc;16;datalake/01-landing/season-2025/partidas/partidas_rodada_16.json
['d', 'd', 'd', 'e', 'v'];['e', 'd', 'd', 'v', 'd'];Alfredo Jaconi;;;;2025-07-24 19:00:00;;;;334076;14;276;18;286;1753394400;26;True;fique por dentro;https://ge.globo.com/rs/futebol/brasileirao-serie-a/jogo/24-07-2025/juventude-sao-paulo.ghtml?utm_source=cartolafc;16;datalake/01-landing/season-2025/partidas/partidas_rodada_16.json
['e', 'd', 'd', 'v', 'd'];['v', 'v', 'd', 'v', 'e'];Maracanã;;;;2025-04-16 21:30:00;;0;6;333907;18;286;2;262;1744849800;26;True;saiba como foi;https://ge.globo.com/rj/futebol/brasileirao-serie-a/jogo/16-04-2025/flamengo-juventude.ghtml?utm_source=cartolafc;04;datalake/01-landing/season-2025/partidas/partidas_rodada_04.json
['d', 'd', 'd', 'e', 'v'];['v', 'v', 'v', 'e', 'v'];Nilton Santos (Engenhão);;;;2025-04-16 18:30:00;;2;2;333908;14;276;5;263;1744839000;26;True;saiba como foi;https://ge.globo.com/rj/futebol/brasileirao-serie-a/jogo/16-04-2025/botafogo-sao-paulo.ghtml?utm_source=cartolafc;04;datalake/01-landing/season-2025/partidas/partidas_rodada_04.json
['v', 'v', 'd', 'd', 'e'];['e', 'd', 'v', 'd', 'e'];Neo Química Arena;;;;2025-04-16 19:30:00;;2;0;333909;8;266;10;264;1744842600;26;True;saiba como foi;https://ge.globo.com/sp/futebol/brasileirao-serie-a/jogo/16-04-2025/corinthians-fluminense.ghtml?utm_source=cartolafc;04;datalake/01-landing/season-2025/partidas/partidas_rodada_04.json
['e', 'v', 'v', 'd', 'd'];['d', 'v', 'v', 'd', 'e'];Vila Belmiro;;;;2025-04-16 21:30:00;;0;2;333910;9;282;17;277;1744849800;26;True;saiba como foi;https://ge.globo.com/sp/santos-e-regiao/futebol/brasileirao-serie-a/jogo/16-04-2025/santos-atletico-mg.ghtml?utm_source=cartolafc;04;datalake/01-landing/season-2025/partidas/partidas_rodada_04.json
['v', 'v', 'e', 'd', 'e'];['v', 'v', 'e', 'v', 'e'];Maião;;;;2025-04-16 19:00:00;;1;4;333911;13;284;7;2305;1744840800;26;True;saiba como foi;https://ge.globo.com/sp/tem-esporte/futebol/brasileirao-serie-a/jogo/16-04-2025/mirassol-gremio.ghtml?utm_source=cartolafc;04;datalake/01-landing/season-2025/partidas/partidas_rodada_04.json
['d', 'v', 'v', 'v', 'e'];['e', 'v', 'v', 'v', 'e'];Mineirão;;;;2025-04-17 21:30:00;;0;3;333912;6;265;1;283;1744936200;26;True;saiba como foi;https://ge.globo.com/mg/futebol/brasileirao-serie-a/jogo/17-04-2025/cruzeiro-bahia.ghtml?utm_source=cartolafc;04;datalake/01-landing/season-2025/partidas/partidas_rodada_04.json
['d', 'd', 'e', 'v', 'e'];['d', 'd', 'v', 'v', 'e'];Beira-Rio;;;;2025-04-16 19:30:00;;1;0;333913;4;275;12;285;1744842600;26;True;saiba como foi;https://ge.globo.com/rs/futebol/brasileirao-serie-a/jogo/16-04-2025/internacional-palmeiras.ghtml?utm_source=cartolafc;04;datalake/01-landing/season-2025/partidas/partidas_rodada_04.json
['d', 'd', 'd', 'd', 'e'];['e', 'd', 'e', 'v', 'e'];Barradão;;;;2025-04-16 21:30:00;;1;2;333914;19;356;15;287;1744849800;26;True;saiba como foi;https://ge.globo.com/ba/futebol/brasileirao-serie-a/jogo/16-04-2025/vitoria-fortaleza.ghtml?utm_source=cartolafc;04;datalake/01-landing/season-2025/partidas/partidas_rodada_04.json
['d', 'd', 'v', 'd', 'e'];['d', 'v', 'd', 'd', 'e'];Castelão (CE);;;;2025-04-15 21:30:00;;1;2;333915;16;267;11;354;1744763400;26;False;saiba como foi;https://ge.globo.com/ce/futebol/brasileirao-serie-a/jogo/15-04-2025/ceara-vasco.ghtml?utm_source=cartolafc;04;datalake/01-landing/season-2025/partidas/partidas_rodada_04.json
['d', 'v', 'e', 'd', 'e'];['e', 'd', 'd', 'd', 'e'];Ilha do Retiro;;;;2025-04-16 19:00:00;;1;0;333916;3;280;20;292;1744840800;26;True;saiba como foi;https://ge.globo.com/pe/futebol/brasileirao-serie-a/jogo/16-04-2025/sport-bragantino.ghtml?utm_source=cartolafc;04;datalake/01-landing/season-2025/partidas/partidas_rodada_04.json
['e', 'd', 'v', 'd', 'e'];['v', 'v', 'd', 'v', 'e'];Maracanã;;;;2025-04-27 16:00:00;;0;4;333967;10;264;2;262;1745780400;26;True;saiba como foi;https://ge.globo.com/rj/futebol/brasileirao-serie-a/jogo/27-04-2025/flamengo-corinthians.ghtml?utm_source=cartolafc;06;datalake/01-landing/season-2025/partidas/partidas_rodada_06.json
['v', 'v', 'd', 'd', 'e'];['v', 'v', 'v', 'e', 'v'];Nilton Santos (Engenhão);;;;2025-04-26 21:00:00;;0;2;333968;8;266;5;263;1745712000;26;True;saiba como foi;https://ge.globo.com/rj/futebol/brasileirao-serie-a/jogo/26-04-2025/botafogo-fluminense.ghtml?utm_source=cartolafc;06;datalake/01-landing/season-2025/partidas/partidas_rodada_06.json
['d', 'v', 'v', 'v', 'e'];['d', 'd', 'e', 'v', 'e'];Allianz Parque;;;;2025-04-27 18:30:00;;1;0;333969;6;265;4;275;1745789400;26;True;saiba como foi;https://ge.globo.com/sp/futebol/brasileirao-serie-a/jogo/27-04-2025/palmeiras-bahia.ghtml?utm_source=cartolafc;06;datalake/01-landing/season-2025/partidas/partidas_rodada_06.json
['d', 'v', 'e', 'd', 'e'];['d', 'v', 'v', 'd', 'e'];Vila Belmiro;;;;2025-04-27 20:30:00;;2;1;333970;3;280;17;277;1745796600;26;True;saiba como foi;https://ge.globo.com/sp/santos-e-regiao/futebol/brasileirao-serie-a/jogo/27-04-2025/santos-bragantino.ghtml?utm_source=cartolafc;06;datalake/01-landing/season-2025/partidas/partidas_rodada_06.json
['e', 'v', 'v', 'd', 'd'];['v', 'v', 'e', 'v', 'e'];Maião;;;;2025-04-26 18:30:00;;2;2;333971;9;282;7;2305;1745703000;26;True;saiba como foi;https://ge.globo.com/sp/tem-esporte/futebol/brasileirao-serie-a/jogo/26-04-2025/mirassol-atletico-mg.ghtml?utm_source=cartolafc;06;datalake/01-landing/season-2025/partidas/partidas_rodada_06.json
['d', 'd', 'v', 'd', 'e'];['e', 'v', 'v', 'v', 'e'];Parque do Sabiá;;;;2025-04-27 18:30:00;;0;1;333972;16;267;1;283;1745789400;26;True;saiba como foi;https://ge.globo.com/mg/futebol/brasileirao-serie-a/jogo/27-04-2025/cruzeiro-vasco.ghtml?utm_source=cartolafc;06;datalake/01-landing/season-2025/partidas/partidas_rodada_06.json
['e', 'd', 'd', 'v', 'd'];['d', 'd', 'v', 'v', 'e'];Beira-Rio;;;;2025-04-26 16:00:00;;1;3;333973;18;286;12;285;1745694000;26;True;saiba como foi;https://ge.globo.com/rs/futebol/brasileirao-serie-a/jogo/26-04-2025/internacional-juventude.ghtml?utm_source=cartolafc;06;datalake/01-landing/season-2025/partidas/partidas_rodada_06.json
['v', 'v', 'e', 'd', 'e'];['e', 'd', 'e', 'v', 'e'];Barradão;;;;2025-04-27 18:30:00;;1;1;333974;13;284;15;287;1745789400;26;True;saiba como foi;https://ge.globo.com/ba/futebol/brasileirao-serie-a/jogo/27-04-2025/vitoria-gremio.ghtml?utm_source=cartolafc;06;datalake/01-landing/season-2025/partidas/partidas_rodada_06.json
['d', 'd', 'd', 'e', 'v'];['d', 'v', 'd', 'd', 'e'];Castelão (CE);;;;2025-04-26 18:30:00;;1;1;333975;14;276;11;354;1745703000;26;True;saiba como foi;https://ge.globo.com/ce/futebol/brasileirao-serie-a/jogo/26-04-2025/ceara-sao-paulo.ghtml?utm_source=cartolafc;06;datalake/01-landing/season-2025/partidas/partidas_rodada_06.json
['d', 'd', 'd', 'd', 'e'];['e', 'd', 'd', 'd', 'e'];Ilha do Retiro;;;;2025-04-26 20:00:00;;0;0;333976;19;356;20;292;1745708400;26;True;saiba como foi;https://ge.globo.com/pe/futebol/brasileirao-serie-a/jogo/26-04-2025/sport-fortaleza.ghtml?utm_source=cartolafc;06;datalake/01-landing/season-2025/partidas/partidas_rodada_06.json
['d', 'd', 'd', 'd', 'e'];['v', 'v', 'd', 'v', 'e'];Maracanã;;;;2025-06-01 18:30:00;;0;5;333887;19;356;2;262;1748813400;26;True;saiba como foi;https://ge.globo.com/rj/futebol/brasileirao-serie-a/jogo/01-06-2025/flamengo-fortaleza.ghtml?utm_source=cartolafc;11;datalake/01-landing/season-2025/partidas/partidas_rodada_11.json
['d', 'v', 'e', 'd', 'e'];['d', 'd', 'v', 'd', 'e'];São Januário;;;;2025-05-31 21:00:00;;2;0;333888;3;280;16;267;1748736000;26;True;saiba como foi;https://ge.globo.com/rj/futebol/brasileirao-serie-a/jogo/31-05-2025/vasco-bragantino.ghtml?utm_source=cartolafc;11;datalake/01-landing/season-2025/partidas/partidas_rodada_11.json
['e', 'd', 'e', 'v', 'e'];['e', 'd', 'v', 'd', 'e'];Neo Química Arena;;;;2025-06-01 18:30:00;;0;0;333889;15;287;10;264;1748813400;26;True;saiba como foi;https://ge.globo.com/ba/futebol/brasileirao-serie-a/jogo/01-06-2025/corinthians-vitoria.ghtml?utm_source=cartolafc;11;datalake/01-landing/season-2025/partidas/partidas_rodada_11.json
['v', 'v', 'v', 'e', 'v'];['d', 'v', 'v', 'd', 'e'];Vila Belmiro;;;;2025-06-01 16:00:00;;1;0;333890;5;263;17;277;1748804400;26;True;saiba como foi;https://ge.globo.com/sp/santos-e-regiao/futebol/brasileirao-serie-a/jogo/01-06-2025/santos-botafogo.ghtml?utm_source=cartolafc;11;datalake/01-landing/season-2025/partidas/partidas_rodada_11.json
['e', 'd', 'd', 'd', 'e'];['v', 'v', 'e', 'v', 'e'];Maião;;;;2025-06-01 11:00:00;;0;1;333891;20;292;7;2305;1748786400;26;True;saiba como foi;https://ge.globo.com/sp/tem-esporte/futebol/brasileirao-serie-a/jogo/01-06-2025/mirassol-sport.ghtml?utm_source=cartolafc;11;datalake/01-landing/season-2025/partidas/partidas_rodada_11.json
['d', 'd', 'e', 'v', 'e'];['e', 'v', 'v', 'v', 'e'];Mineirão;;;;2025-06-01 19:30:00;;1;2;333892;4;275;1;283;1748817000;26;True;saiba como foi;https://ge.globo.com/mg/futebol/brasileirao-serie-a/jogo/01-06-2025/cruzeiro-palmeiras.ghtml?utm_source=cartolafc;11;datalake/01-landing/season-2025/partidas/partidas_rodada_11.json
['v', 'v', 'd', 'd', 'e'];['d', 'd', 'v', 'v', 'e'];Beira-Rio;;;;2025-06-01 20:30:00;;2;0;333893;8;266;12;285;1748820600;26;True;saiba como foi;https://ge.globo.com/rs/futebol/brasileirao-serie-a/jogo/01-06-2025/internacional-fluminense.ghtml?utm_source=cartolafc;11;datalake/01-landing/season-2025/partidas/partidas_rodada_11.json
['d', 'd', 'd', 'e', 'v'];['d', 'v', 'v', 'v', 'e'];Casa de Apostas Arena Fonte Nova;;;;2025-05-31 18:30:00;;1;2;333894;14;276;6;265;1748727000;26;True;saiba como foi;https://ge.globo.com/ba/futebol/brasileirao-serie-a/jogo/31-05-2025/bahia-sao-paulo.ghtml?utm_source=cartolafc;11;datalake/01-landing/season-2025/partidas/partidas_rodada_11.json
['e', 'v', 'v', 'd', 'd'];['d', 'v', 'd', 'd', 'e'];Castelão (CE);;;;2025-06-01 18:30:00;;1;0;333895;9;282;11;354;1748813400;26;True;saiba como foi;https://ge.globo.com/ce/futebol/brasileirao-serie-a/jogo/01-06-2025/ceara-atletico-mg.ghtml?utm_source=cartolafc;11;datalake/01-landing/season-2025/partidas/partidas_rodada_11.json
['v', 'v', 'e', 'd', 'e'];['e', 'd', 'd', 'v', 'd'];Alfredo Jaconi;;;;2025-06-01 16:00:00;;2;0;333896;13;284;18;286;1748804400;26;True;saiba como foi;https://ge.globo.com/rs/futebol/brasileirao-serie-a/jogo/01-06-2025/juventude-gremio.ghtml?utm_source=cartolafc;11;datalake/01-landing/season-2025/partidas/partidas_rodada_11.json
['v', 'v', 'd', 'd', 'e'];['v', 'v', 'd', 'v', 'e'];Maracanã;;;;2025-07-20 19:30:00;;0;1;334027;8;266;2;262;1753050600;26;True;saiba como foi;https://ge.globo.com/rj/futebol/brasileirao-serie-a/jogo/20-07-2025/flamengo-fluminense.ghtml?utm_source=cartolafc;15;datalake/01-landing/season-2025/partidas/partidas_rodada_15.json
['v', 'v', 'e', 'd', 'e'];['d', 'd', 'v', 'd', 'e'];São Januário;;;;2025-07-19 17:30:00;;1;1;334028;13;284;16;267;1752957000;26;True;saiba como foi;https://ge.globo.com/rj/futebol/brasileirao-serie-a/jogo/19-07-2025/vasco-gremio.ghtml?utm_source=cartolafc;15;datalake/01-landing/season-2025/partidas/partidas_rodada_15.json
['e', 'v', 'v', 'd', 'd'];['d', 'd', 'e', 'v', 'e'];Allianz Parque;;;;2025-07-20 17:30:00;;2;3;334029;9;282;4;275;1753043400;26;True;saiba como foi;https://ge.globo.com/sp/futebol/brasileirao-serie-a/jogo/20-07-2025/palmeiras-atletico-mg.ghtml?utm_source=cartolafc;15;datalake/01-landing/season-2025/partidas/partidas_rodada_15.json
['e', 'd', 'v', 'd', 'e'];['d', 'd', 'd', 'e', 'v'];Morumbis;;;;2025-07-19 21:00:00;;0;2;334030;10;264;14;276;1752969600;26;True;saiba como foi;https://ge.globo.com/sp/futebol/brasileirao-serie-a/jogo/19-07-2025/sao-paulo-corinthians.ghtml?utm_source=cartolafc;15;datalake/01-landing/season-2025/partidas/partidas_rodada_15.json
['d', 'v', 'v', 'd', 'e'];['v', 'v', 'e', 'v', 'e'];Maião;;;;2025-07-19 18:30:00;;0;3;334031;17;277;7;2305;1752960600;26;True;saiba como foi;https://ge.globo.com/sp/tem-esporte/futebol/brasileirao-serie-a/jogo/19-07-2025/mirassol-santos.ghtml?utm_source=cartolafc;15;datalake/01-landing/season-2025/partidas/partidas_rodada_15.json
['e', 'd', 'd', 'v', 'd'];['e', 'v', 'v', 'v', 'e'];Mineirão;;;;2025-07-20 16:00:00;;0;4;334032;18;286;1;283;1753038000;26;True;saiba como foi;https://ge.globo.com/mg/futebol/brasileirao-serie-a/jogo/20-07-2025/cruzeiro-juventude.ghtml?utm_source=cartolafc;15;datalake/01-landing/season-2025/partidas/partidas_rodada_15.json
['d', 'v', 'd', 'd', 'e'];['d', 'd', 'v', 'v', 'e'];Beira-Rio;;;;2025-07-20 11:00:00;;0;1;334033;11;354;12;285;1753020000;26;True;saiba como foi;https://ge.globo.com/rs/futebol/brasileirao-serie-a/jogo/20-07-2025/internacional-ceara.ghtml?utm_source=cartolafc;15;datalake/01-landing/season-2025/partidas/partidas_rodada_15.json
['d', 'v', 'e', 'd', 'e'];['e', 'd', 'e', 'v', 'e'];Barradão;;;;2025-07-20 16:00:00;;0;1;334034;3;280;15;287;1753038000;26;True;saiba como foi;https://ge.globo.com/ba/futebol/brasileirao-serie-a/jogo/20-07-2025/vitoria-bragantino.ghtml?utm_source=cartolafc;15;datalake/01-landing/season-2025/partidas/partidas_rodada_15.json
['d', 'v', 'v', 'v', 'e'];['d', 'd', 'd', 'd', 'e'];Castelão (CE);;;;2025-07-19 16:00:00;;1;1;334037;6;265;19;356;1752951600;26;True;saiba como foi;https://ge.globo.com/ce/futebol/brasileirao-serie-a/jogo/19-07-2025/fortaleza-bahia.ghtml?utm_source=cartolafc;15;datalake/01-landing/season-2025/partidas/partidas_rodada_15.json
['v', 'v', 'v', 'e', 'v'];['e', 'd', 'd', 'd', 'e'];Ilha do Retiro;;;;2025-07-20 17:30:00;;1;0;334039;5;263;20;292;1753043400;26;True;saiba como foi;https://ge.globo.com/pe/futebol/brasileirao-serie-a/jogo/20-07-2025/sport-botafogo.ghtml?utm_source=cartolafc;15;datalake/01-landing/season-2025/partidas/partidas_rodada_15.json
